review_idx,true_label,dyslexic_word,top_suggestion,all_suggestions,intent_matched,rule_id,rule_description,context
0,POSITIVE,Wirey,Wire,Wire | Wired | Wires | Wiley | Wiry,True,MORFOLOGIK_RULE_EN_GB,Possible spelling mistake found.,...Though several scenes of Wirey Spindell can be described as ...
0,POSITIVE,Spindell,Spin dell,Spin dell,False,MORFOLOGIK_RULE_EN_GB,Possible spelling mistake found.,"...hough several scenes of Wirey Spindell can be described as ""over the..."
0,POSITIVE,br,BR,BR | Br | by | or | be,True,MORFOLOGIK_RULE_EN_GB,Possible spelling mistake found.,...of near-taboo twisted comedy.<br /><br />Wirey Spindell is a g...
0,POSITIVE,br,BR,BR | Br | by | or | be,True,MORFOLOGIK_RULE_EN_GB,Possible spelling mistake found.,...r-taboo twisted comedy.<br /><br />Wirey Spindell is a great f...
0,POSITIVE,Wirey,Wire,Wire | Wired | Wires | Wiley | Wiry,True,MORFOLOGIK_RULE_EN_GB,Possible spelling mistake found.,...oo twisted comedy.<br /><br />Wirey Spindell is a great film with...
0,POSITIVE,Spindell,Spin dell,Spin dell,False,MORFOLOGIK_RULE_EN_GB,Possible spelling mistake found.,...sted comedy.<br /><br />Wirey Spindell is a great film with great di...
0,POSITIVE,dialog,dialogue,dialogue,False,MORFOLOGIK_RULE_EN_GB,Possible spelling mistake. ‘dialog’ is American English.,...ll is a great film with great dialog. I wouldn't say that this fil...
0,POSITIVE,br,BR,BR | Br | by | or | be,True,MORFOLOGIK_RULE_EN_GB,Possible spelling mistake found.,...he film is on my top 10 list.<br /><br />If you can look beyon...
0,POSITIVE,br,BR,BR | Br | by | or | be,True,MORFOLOGIK_RULE_EN_GB,Possible spelling mistake found.,...m is on my top 10 list.<br /><br />If you can look beyond it's...
0,POSITIVE,it's,its,its,False,IT_IS,Did you mean “its” (possessive pronoun) instead of ‘it’s’ (short for ‘it is’)?,...><br />If you can look beyond it's occasional offensiveness and ...
1,NEGATIVE,br,BR,BR | Br | by | or | be,True,MORFOLOGIK_RULE_EN_GB,Possible spelling mistake found.,...ie Reynolds and Eddie Fisher.<br /><br />I get angry at TCM fo...
1,NEGATIVE,br,BR,BR | Br | by | or | be,True,MORFOLOGIK_RULE_EN_GB,Possible spelling mistake found.,...nolds and Eddie Fisher.<br /><br />I get angry at TCM for show...
1,NEGATIVE,Muther,Mother,Mother | Luther | Mather | Musher | Mutter,True,MORFOLOGIK_RULE_EN_GB,Possible spelling mistake found.,"... good idea to remake Bachelor Muther, filling it with some lame so..."
1,NEGATIVE,ne,né,né | me | no | be,False,NE,"Did you mean “né”, “me”, “no”, “be”?",...e remake to give us something ne...
2,POSITIVE,wanna,want to,want to,False,WANNA,The word ‘wanna’ is informal.,"...ts of its genre. It makes you wanna cry, it makes you laugh, it d..."
2,POSITIVE,disgust,disgusts,disgusts,False,IT_VBZ,"After ‘it’, use the third-person verb form “disgusts”.","...a cry, it makes you laugh, it disgust you, it makes you angry etc. ..."
2,POSITIVE,br,BR,BR | Br | by | or | be,True,MORFOLOGIK_RULE_EN_GB,Possible spelling mistake found.,"...you, it makes you angry etc. <br /><br />The topic of the stor..."
2,POSITIVE,br,BR,BR | Br | by | or | be,True,MORFOLOGIK_RULE_EN_GB,Possible spelling mistake found.,...t makes you angry etc. <br /><br />The topic of the story is f...
2,POSITIVE,coud,could,could | cold | coup | cloud | cord,True,MORFOLOGIK_RULE_EN_GB,Possible spelling mistake found.,...tions between characters what coud be considered not to be in th...
2,POSITIVE,uther,Uther,Uther | other | Luther | ether | utter,False,MORFOLOGIK_RULE_EN_GB,Possible spelling mistake found.,"...ore sophisticated, but on the uther ha..."
3,POSITIVE,actioner,actioned,actioned,False,MORFOLOGIK_RULE_EN_GB,Possible spelling mistake found.,"...rt for a B-Movie Martial Arts actioner. Ian Jacklin, a former North ..."
3,POSITIVE,himslef,himself,himself,True,MORFOLOGIK_RULE_EN_GB,Possible spelling mistake found.,"...pion, is the lead and acquits himslef well in the action scenes. Th..."
3,POSITIVE,br,BR,BR | Br | by | or | be,True,MORFOLOGIK_RULE_EN_GB,Possible spelling mistake found.,"...c Titan, rent this movie now!<br /><br />Renee Griffin is also..."
3,POSITIVE,br,BR,BR | Br | by | or | be,True,MORFOLOGIK_RULE_EN_GB,Possible spelling mistake found.,"...n, rent this movie now!<br /><br />Renee Griffin is also notew..."
3,POSITIVE,attitu,attitude,attitude | attire | attic | attics | Attica,False,MORFOLOGIK_RULE_EN_GB,Possible spelling mistake found.,...his film. She starts off with attitu...
4,POSITIVE,remeber,remember,remember,True,MORFOLOGIK_RULE_EN_GB,Possible spelling mistake found.,...song at the drop of a hat!! I remeber getting to stay up late to wa...
4,POSITIVE,allways,always,always | hallways | allays | all ways,True,MORFOLOGIK_RULE_EN_GB,Possible spelling mistake found.,"...two to three times a year. We allways referred to it as ""Giant Robo..."
4,POSITIVE,thay,that,that | they | than | Thai | hay,False,MORFOLOGIK_RULE_EN_GB,Possible spelling mistake found.,"...ompared to today's standards, thay were perfect for this movie's..."
4,POSITIVE,I'v,I've,I've,False,PERS_PRON_CONTRACTION,Did you mean “I've”?,...others. It's been years since I'v...
5,NEGATIVE,br,BR,BR | Br | by | or | be,True,MORFOLOGIK_RULE_EN_GB,Possible spelling mistake found.,"...ll not want to miss this one.<br /><br />For one thing, forget..."
5,NEGATIVE,br,BR,BR | Br | by | or | be,True,MORFOLOGIK_RULE_EN_GB,Possible spelling mistake found.,"... want to miss this one.<br /><br />For one thing, forget the V..."
5,NEGATIVE,NO body,NObody,NObody,False,ANY_BODY,Did you mean “NObody”?,"... thing, forget the VHS cover. NO body in this movie looks that attr..."
5,NEGATIVE,ie,i.e.,i.e. | IE | in | is | I,False,MORFOLOGIK_RULE_EN_GB,Possible spelling mistake found.,"... movie looks that attractive (ie, the Indian girl). Someone el..."
5,NEGATIVE,br,BR,BR | Br | by | or | be,True,MORFOLOGIK_RULE_EN_GB,Possible spelling mistake found.,...iting thing about this movie.<br /><br />To put ...
5,NEGATIVE,br,BR,BR | Br | by | or | be,True,MORFOLOGIK_RULE_EN_GB,Possible spelling mistake found.,...thing about this movie.<br /><br />To put ...
6,NEGATIVE, but,", but",", but",False,COMMA_COMPOUND_SENTENCE_2,Use a comma before ‘but’ if it connects two independent clauses (unless they are closely connected and short).,...Had never heard of its release but the three reviews gave it fiv...
6,NEGATIVE,br,BR,BR | Br | by | or | be,True,MORFOLOGIK_RULE_EN_GB,Possible spelling mistake found.,...man movies I bought a copy...<br /><br />Have to say that I wa...
6,NEGATIVE,br,BR,BR | Br | by | or | be,True,MORFOLOGIK_RULE_EN_GB,Possible spelling mistake found.,...vies I bought a copy...<br /><br />Have to say that I was not ...
6,NEGATIVE,br,BR,BR | Br | by | or | be,True,MORFOLOGIK_RULE_EN_GB,Possible spelling mistake found.,...surprisingly short on laughs.<br /><br />I wanted to like this...
6,NEGATIVE,br,BR,BR | Br | by | or | be,True,MORFOLOGIK_RULE_EN_GB,Possible spelling mistake found.,...singly short on laughs.<br /><br />I wanted to like this but I...
6,NEGATIVE, but,", but",", but",False,COMMA_COMPOUND_SENTENCE,Use a comma before ‘but’ if it connects two independent clauses (unless they are closely connected and short).,... /><br />I wanted to like this but I just found it lackluster an...
6,NEGATIVE,lackluster,lacklustre,lacklustre,False,MORFOLOGIK_RULE_EN_GB,Possible spelling mistake found.,...like this but I just found it lackluster and dull. Or maybe I expected...
8,POSITIVE,allways,always,always | hallways | allays | all ways,True,MORFOLOGIK_RULE_EN_GB,Possible spelling mistake found.,...George Cukor is and allways will be one of my favorites. ...
8,POSITIVE,favorites,favourites,favourites,False,MORFOLOGIK_RULE_EN_GB,Possible spelling mistake. ‘favorites’ is American English.,...and allways will be one of my favorites. The unsung hero of his gener...
8,POSITIVE,Cukor,Zukor,Zukor,False,MORFOLOGIK_RULE_EN_GB,Possible spelling mistake found.,...s generation. Nobody mentions Cukor in the same breath as John Fo...
8,POSITIVE,nevr,near,near | never | Neva | NVR | NER,False,MORFOLOGIK_RULE_EN_GB,Possible spelling mistake found.,"...the service of his actors, he nevr put himslef ..."
8,POSITIVE,himslef,himself,himself,True,MORFOLOGIK_RULE_EN_GB,Possible spelling mistake found.,"...ce of his actors, he nevr put himslef ..."
9,NEGATIVE,course,"course,","course,",False,MISSING_COMMA_AFTER_INTRODUCTORY_PHRASE,A comma is probably missing here.,... not much to recommend it. Of course it will appeal to highbrows f...
9,NEGATIVE,Foxworthy,Fox worthy,Fox worthy,False,MORFOLOGIK_RULE_EN_GB,Possible spelling mistake found.,...ish accent (apologies to Jeff Foxworthy).<br /><br />The script is fu...
9,NEGATIVE,br,BR,BR | Br | by | or | be,True,MORFOLOGIK_RULE_EN_GB,Possible spelling mistake found.,...apologies to Jeff Foxworthy).<br /><br />The script is full of...
9,NEGATIVE,br,BR,BR | Br | by | or | be,True,MORFOLOGIK_RULE_EN_GB,Possible spelling mistake found.,...ies to Jeff Foxworthy).<br /><br />The script is full of holes...
9,NEGATIVE,cliches,clichés,clichés,False,EN_DIACRITICS_REPLACE_ORTHOGRAPHY_CLICHES,"‘cliches’ is an imported foreign name or expression, which originally has a diacritic.","...written a book yet, or not?), cliches (relationship trouble: she wo..."
10,NEGATIVE,woz,won,won | oz | woo | woe | wow,False,MORFOLOGIK_RULE_EN_GB,Possible spelling mistake found.,"...nd car chases, but this movie woz very disappointing. There is ..."
10,NEGATIVE,thay,that,that | they | than | Thai | hay,True,MORFOLOGIK_RULE_EN_GB,Possible spelling mistake found.,"...ving in Lisbon for years, and thay return to Paris for a friend'..."
10,NEGATIVE,freind,friend,friend,True,MORFOLOGIK_RULE_EN_GB,Possible spelling mistake found.,...ing. They announce to another freind they are having dinner with t...
10,NEGATIVE,thay,that,that | they | than | Thai | hay,True,MORFOLOGIK_RULE_EN_GB,Possible spelling mistake found.,...y are having dinner with that thay are going to split. Then noth...
10,NEGATIVE,th,the,the | TH | Th | to | TT,True,MORFOLOGIK_RULE_EN_GB,Possible spelling mistake found.,...e or not. I don't necessarily th...
11,POSITIVE,togeather,together,together,True,MORFOLOGIK_RULE_EN_GB,Possible spelling mistake found.,...d his wife (Watson) are happy togeather. An accident near thier house...
11,POSITIVE,thier,their,their | tier | thief | trier | Thiel,True,MORFOLOGIK_RULE_EN_GB,Possible spelling mistake found.,...y togeather. An accident near thier house on the night they have ...
11,POSITIVE,arund,around,around | Arun,True,MORFOLOGIK_RULE_EN_GB,Possible spelling mistake found.,...ave a party brings the police arund. It is a hit and run that kil...
11,POSITIVE,hit and run,hit-and-run,hit-and-run,False,EN_COMPOUNDS_HIT_AND_RUN,This word is normally spelled with a hyphen.,...ngs the police arund. It is a hit and run that killed their maid Maggie...
11,POSITIVE,a,an,an,True,EN_A_VS_AN,"Use “an” instead of ‘a’ if the following word starts with a vowel sound, e.g. ‘an article’, ‘an hour’.",.... James becomes suspicious of a n...
12,POSITIVE,Oyama,Obama,Obama | Osama | Toyama | Aoyama | Yama,False,MORFOLOGIK_RULE_EN_GB,Possible spelling mistake found.,"...In this film, he portrays Mas Oyama (1923-1994), a real martial a..."
12,POSITIVE, but,", but",", but",False,COMMA_COMPOUND_SENTENCE,Use a comma before ‘but’ if it connects two independent clauses (unless they are closely connected and short).,...nly kills one bull in the film but it's a memorable scene and as...
12,POSITIVE,Zombi,Zombie,Zombie | Zomba,True,MORFOLOGIK_RULE_EN_GB,Possible spelling mistake found.,...the zombie vs. shark scene in Zombi! The film also offers up load...
12,POSITIVE,up loads,uploads,uploads,False,UP_COMPOUNDS,This word is normally spelled as one. Did you mean “uploads”?,...n Zombi! The film also offers up loads of hand-to-hand combat and a ...
13,POSITIVE,Crispen,Crispin,Crispin | Crisper | Crisped,False,MORFOLOGIK_RULE_EN_GB,Possible spelling mistake found.,...at film with an amazing cast. Crispen Glover is at his freakiest . ...
13,POSITIVE, .,.,.,True,COMMA_PARENTHESIS_WHITESPACE,Don’t put a space before the full stop.,...pen Glover is at his freakiest . His guitar solo is amazing. A...
14,NEGATIVE,writting,writing,writing | writhing | gritting | witting | fritting,True,MORFOLOGIK_RULE_EN_GB,Possible spelling mistake found.,"... adolescent humour, and empty writting. This film delivers exactly w..."
14,NEGATIVE,hmmm,Hamm,Hamm | MMM | hmm | hm mm,False,MORFOLOGIK_RULE_EN_GB,Possible spelling mistake found.,... a house were a Baron de Sade(hmmm) once lived and finaly being ...
14,NEGATIVE,finaly,final,final | finally | finals | finale | finely,True,MORFOLOGIK_RULE_EN_GB,Possible spelling mistake found.,... de Sade(hmmm) once lived and finaly being drawn to him through he...
14,NEGATIVE,sa,SA,SA | Sa | a | as | so,True,MORFOLOGIK_RULE_EN_GB,Possible spelling mistake found.,"... a pizza delivery boy, try to sa..."
15,POSITIVE,thier,their,their | tier | thief | trier | Thiel,True,MORFOLOGIK_RULE_EN_GB,Possible spelling mistake found.,... for candidates regardless of thier party. Despite the difference...
15,POSITIVE,Fowlds,Folds,Folds | Fowls,False,MORFOLOGIK_RULE_EN_GB,Possible spelling mistake found.,"...orne, and veteran actor Derek Fowlds also returns to the scene as ..."
15,POSITIVE,insted,instead,instead | instep,True,MORFOLOGIK_RULE_EN_GB,Possible spelling mistake found.,"...rns to the scene as well. Now insted of pleasing some pepol, he ha..."
15,POSITIVE,pepol,pe pol,pe pol,False,MORFOLOGIK_RULE_EN_GB,Possible spelling mistake found.,".... Now insted of pleasing some pepol, he ha..."
16,NEGATIVE,it's,its,its,False,IT_IS,Did you mean “its” (possessive pronoun) instead of ‘it’s’ (short for ‘it is’)?,...owever it's just too dull for it's own good. All the characters ...
16,NEGATIVE,where,were,were,True,WERE_WHERE,Did you mean “were” (a form of the verb ‘to be’)?,"...ly real, and as a result they where extremely disturbing. It's we..."
16,NEGATIVE,well made,well-made,well-made,False,EN_COMPOUNDS_WELL_MADE,This word is normally spelled with a hyphen.,"...re extremely disturbing. It's well made and decently written, and it ..."
16,NEGATIVE,really interesting,fascinating,fascinating,False,EXTREME_ADJECTIVES,Consider using an extreme adjective for ‘interesting’.,"...y written, and it started out really interesting, but it just couldn't keep up..."
17,POSITIVE,All souls day,All Souls' Day,All Souls' Day,False,APOSTROPHE_IN_DAYS,Did you mean “All Souls' Day”?,"...y films (House of the dead 2, All souls day, etc.) but when you leave the..."
17,POSITIVE,vio,via,via | Rio | bio | CIO | VIP,False,MORFOLOGIK_RULE_EN_GB,Possible spelling mistake found.,...ood liking for this film. The vio...
18,NEGATIVE,hodge-podge,hodgepodge,hodgepodge,False,MORFOLOGIK_RULE_EN_GB,Possible spelling mistake found.,...This film is a hodge-podge of various idiotic cliches. F...
18,NEGATIVE,cliches,clichés,clichés,False,EN_DIACRITICS_REPLACE_ORTHOGRAPHY_CLICHES,"‘cliches’ is an imported foreign name or expression, which originally has a diacritic.","...odge-podge of various idiotic cliches. For instance, boy-meets-spoi..."
18,NEGATIVE,ad nauseum,ad nauseam,ad nauseam,False,AD_NAUSEUM,Did you mean “ad nauseam”?,...predictable (having been used ad nauseum in several other films). As w...
18,NEGATIVE,fil,film,film | oil | file | fill | fit,True,MORFOLOGIK_RULE_EN_GB,Possible spelling mistake found.,...h probably contributed to the fil...
19,POSITIVE,wich,with,with | which | rich | wish | witch,True,MORFOLOGIK_RULE_EN_GB,Possible spelling mistake found.,"...vintage, called Why We Fight, wich tries to examine the infamous..."
19,POSITIVE,in in,in,in,True,ENGLISH_WORD_REPEAT_RULE,Possible typo: you repeated a word.,"...sco we are currently involved in in Iraq. Yet, a far more famous ..."
19,POSITIVE,durring,during,during | purring | furring | burring,True,MORFOLOGIK_RULE_EN_GB,Possible spelling mistake found.,"... with the same name, was made durring Wurld War Two, by Hollywood d..."
19,POSITIVE,Wurld,World,World,True,MORFOLOGIK_RULE_EN_GB,Possible spelling mistake found.,"...e same name, was made durring Wurld War Two, by Hollywood directo..."
19,POSITIVE,Osca,Oscar,Oscar | OSHA | Tosca | Orca | Oscan,False,MORFOLOGIK_RULE_EN_GB,Possible spelling mistake found.,"...documentaries, and having won Osca..."
20,POSITIVE,becoz,become,become | below | Benz | bacon | beacon,False,MORFOLOGIK_RULE_EN_GB,Possible spelling mistake found.,...series and I don't understand becoz she has been annulled. Please...
20,POSITIVE,marvelous,marvellous,marvellous,False,MORFOLOGIK_RULE_EN_GB,Possible spelling mistake. ‘marvelous’ is American English.,"...on series, with excellent and marvelous actors, good recitation and g..."
20,POSITIVE,woud,would,would | word | wood | loud | wound,True,MORFOLOGIK_RULE_EN_GB,Possible spelling mistake found.,...ew episodes. I pray you!!!! I woud like if possible somehow to m...
20,POSITIVE,vrey,very,very | grey | prey | Frey | Urey,True,MORFOLOGIK_RULE_EN_GB,Possible spelling mistake found.,"... here in Italy this series is vrey liked, as in other ..."
21,NEGATIVE,thort,short,short | Thor | tort | thorn | Short,False,MORFOLOGIK_RULE_EN_GB,Possible spelling mistake found.,...uizamo but man this is bad. I thort spawn woz the worst movie he ...
21,NEGATIVE,woz,won,won | oz | woo | woe | wow,False,MORFOLOGIK_RULE_EN_GB,Possible spelling mistake found.,...an this is bad. I thort spawn woz the worst movie he had been i...
21,NEGATIVE,woz,won,won | oz | woo | woe | wow,False,MORFOLOGIK_RULE_EN_GB,Possible spelling mistake found.,"...t movie he had been in, but I woz wrong. I like all types of co..."
21,NEGATIVE,I,"Furthermore, I","Furthermore, I | Likewise, I | Not only that, but I",False,ENGLISH_WORD_REPEAT_BEGINNING_RULE,Three successive sentences begin with the same word. Consider rewording the sentence or use a thesaurus to find a synonym.,"...had been in, but I woz wrong. I like all types of comedy from..."
21,NEGATIVE,american,American,American | America | Americans | Americas | Americana,True,MORFOLOGIK_RULE_EN_GB,Possible spelling mistake found.,...m stuff like Ace Ventura 2 to american werewolf in London. This is a...
21,NEGATIVE,trash,rubbish,rubbish,False,EN_GB_SIMPLE_REPLACE_TRASH,‘trash’ is a common American expression. Consider using expressions more common to British English.,...in London. This is a piece of trash....
22,NEGATIVE,thort,short,short | Thor | tort | thorn | Short,False,MORFOLOGIK_RULE_EN_GB,Possible spelling mistake found.,"...Yeah, what did I expect? I thort this would be a film about yo..."
22,NEGATIVE,Wuerzburg,Würzburg,Würzburg,False,MORFOLOGIK_RULE_EN_GB,Possible spelling mistake found.,...ith an ironic look on idyllic Wuerzburg. And what did I get?<br /><br...
22,NEGATIVE,br,BR,BR | Br | by | or | be,True,MORFOLOGIK_RULE_EN_GB,Possible spelling mistake found.,"...uerzburg. And what did I get?<br /><br />Attention, spoilers a..."
22,NEGATIVE,br,BR,BR | Br | by | or | be,True,MORFOLOGIK_RULE_EN_GB,Possible spelling mistake found.,"...rg. And what did I get?<br /><br />Attention, spoilers ahead!<..."
22,NEGATIVE,br,BR,BR | Br | by | or | be,True,MORFOLOGIK_RULE_EN_GB,Possible spelling mistake found.,"... />Attention, spoilers ahead!<br /><br />This film starts with..."
22,NEGATIVE,br,BR,BR | Br | by | or | be,True,MORFOLOGIK_RULE_EN_GB,Possible spelling mistake found.,"...ention, spoilers ahead!<br /><br />This film starts with a len..."
22,NEGATIVE,forg,for,for | form | fort | frog | fog,False,MORFOLOGIK_RULE_EN_GB,Possible spelling mistake found.,...t Moritz Bleibtreu might have forg...
23,NEGATIVE,dident,didn't,didn't,True,DIDENT,Did you mean “didn't”?,"... but whatever they thought of dident help this movie, it only hurt..."
23,NEGATIVE,mid sentence,mid-sentence,mid-sentence,False,EN_COMPOUNDS_MID_SENTENCE,This word is normally spelled with a hyphen.,... or people will be cut off in mid sentence. I'm not sure what the story ...
23,NEGATIVE,realy,real,real | ready | really | realm | relay,True,MORFOLOGIK_RULE_EN_GB,Possible spelling mistake found.,"... the story was, but it didn't realy matter, since what I did see ..."
23,NEGATIVE,woz,won,won | oz | woo | woe | wow,False,MORFOLOGIK_RULE_EN_GB,Possible spelling mistake found.,"... matter, since what I did see woz fairly uninter..."
23,NEGATIVE,uninter,uniter,uniter,False,MORFOLOGIK_RULE_EN_GB,Possible spelling mistake found.,...nce what I did see woz fairly uninter...
24,POSITIVE,Slavin,Slain,Slain | Slaving | Spavin | Slavic | Flavin,False,MORFOLOGIK_RULE_EN_GB,Possible spelling mistake found.,... Film Festival. Director Neal Slavin's impressive starring cast in...
24,POSITIVE,Aday,Day,Day | Away | Adam | ADAC | AAY,True,MORFOLOGIK_RULE_EN_GB,Possible spelling mistake found.,"...FF), Meat Loaf (AKA Meat Loaf Aday, AKA Michael Lee Aday), David..."
24,POSITIVE,Aday,Day,Day | Away | Adam | ADAC | AAY,True,MORFOLOGIK_RULE_EN_GB,Possible spelling mistake found.,"...at Loaf Aday, AKA Michael Lee Aday), David Paymer, and Laura Der..."
24,POSITIVE,Paymer,Payer,Payer | Palmer,False,MORFOLOGIK_RULE_EN_GB,Possible spelling mistake found.,"... AKA Michael Lee Aday), David Paymer, and Laura Dern (also starrin..."
24,POSITIVE,br,BR,BR | Br | by | or | be,True,MORFOLOGIK_RULE_EN_GB,Possible spelling mistake found.,...lso at this year's Festival).<br /><br />Based on the Arthur M...
24,POSITIVE,br,BR,BR | Br | by | or | be,True,MORFOLOGIK_RULE_EN_GB,Possible spelling mistake found.,... this year's Festival).<br /><br />Based on the Arthur Miller ...
25,NEGATIVE,br,BR,BR | Br | by | or | be,True,MORFOLOGIK_RULE_EN_GB,Possible spelling mistake found.,...this version falls far short.<br /><br />The casting is uninsp...
25,NEGATIVE,br,BR,BR | Br | by | or | be,True,MORFOLOGIK_RULE_EN_GB,Possible spelling mistake found.,...ersion falls far short.<br /><br />The casting is uninspired a...
25,NEGATIVE,",so",", so",", so",False,COMMA_PARENTHESIS_WHITESPACE,Put a space after the comma.,"...director did not read the book,so did not understand the charac..."
25,NEGATIVE,br,BR,BR | Br | by | or | be,True,MORFOLOGIK_RULE_EN_GB,Possible spelling mistake found.,...ot understand the characters.<br /><br />Sir Walter Elliot is ...
25,NEGATIVE,br,BR,BR | Br | by | or | be,True,MORFOLOGIK_RULE_EN_GB,Possible spelling mistake found.,...erstand the characters.<br /><br />Sir Walter Elliot is portra...
25,NEGATIVE,br,BR,BR | Br | by | or | be,True,MORFOLOGIK_RULE_EN_GB,Possible spelling mistake found.,...sion) is nowhere to be found.<br /><br />The Musgrove sisters ...
25,NEGATIVE,br,BR,BR | Br | by | or | be,True,MORFOLOGIK_RULE_EN_GB,Possible spelling mistake found.,...is nowhere to be found.<br /><br />The Musgrove sisters are so...
25,NEGATIVE,unlikable,unlikeable,unlikeable | unliable | unlickable,False,MORFOLOGIK_RULE_EN_GB,Possible spelling mistake found.,".../>The Musgrove sisters are so unlikable, one doesn't understand wh..."
25,NEGATIVE,wh,WH,WH | we | who | why | oh,True,MORFOLOGIK_RULE_EN_GB,Possible spelling mistake found.,"...kable, one doesn't understand wh..."
26,POSITIVE,favoirite,favourite,favourite,False,MORFOLOGIK_RULE_EN_GB,Possible spelling mistake found.,...Love In Limbo is my all-time favoirite movie. (set in W.A) It is hil...
26,POSITIVE,A, A, A,True,SENTENCE_WHITESPACE,Add a space between sentences.,...me favoirite movie. (set in W.A) It is hilairious and has an ...
26,POSITIVE,hilairious,hilarious,hilarious,False,MORFOLOGIK_RULE_EN_GB,Possible spelling mistake found.,...ite movie. (set in W.A) It is hilairious and has an excellent cast inc...
26,POSITIVE,McJannet,Cannot,Cannot | Channel | Manner | Manned | Magnet,False,MORFOLOGIK_RULE_EN_GB,Possible spelling mistake found.,"...acial hair. Aden Young (Barry McJannet), and Craig Adams as Ken Ridd..."
26,POSITIVE,br,BR,BR | Br | by | or | be,True,MORFOLOGIK_RULE_EN_GB,Possible spelling mistake found.,...nd Craig Adams as Ken Riddle.<br /><br />Ken is a senior high ...
26,POSITIVE,br,BR,BR | Br | by | or | be,True,MORFOLOGIK_RULE_EN_GB,Possible spelling mistake found.,...ig Adams as Ken Riddle.<br /><br />Ken is a senior high skool ...
26,POSITIVE,skool,school,school | schools | stool | spool | skol,True,MORFOLOGIK_RULE_EN_GB,Possible spelling mistake found.,... /><br />Ken is a senior high skool student obsessed with sex and...
27,POSITIVE,woz,won,won | oz | woo | woe | wow,False,MORFOLOGIK_RULE_EN_GB,Possible spelling mistake found.,...sed to watch this show when I woz growing up. When I think abou...
27,POSITIVE,remeber,remember,remember,True,MORFOLOGIK_RULE_EN_GB,Possible spelling mistake found.,"... up. When I think about it, I remeber it very well. If you ask me, ..."
27,POSITIVE,Befour,Befoul,Befoul | Be four,False,MORFOLOGIK_RULE_EN_GB,Possible spelling mistake found.,"...k so I can see every episode. Befour I wrap this up, I'd like to s..."
27,POSITIVE,remeber,remember,remember,True,MORFOLOGIK_RULE_EN_GB,Possible spelling mistake found.,... like to say that I'll always remeber this show in my memory foreve...
28,POSITIVE,themeparks,theme parks,theme parks,False,MORFOLOGIK_RULE_EN_GB,Possible spelling mistake found.,...xperience Disney has at their themeparks. This is certainly better tha...
28,POSITIVE,thier,their,their | tier | thief | trier | Thiel,True,MORFOLOGIK_RULE_EN_GB,Possible spelling mistake found.,...This is certainly better than thier original 1960's acid-trip fil...
28,POSITIVE,1960's,1960s,1960s,False,APOSTROPHE_IN_DATES,Apostrophes aren’t needed for decades.,...ly better than thier original 1960's acid-trip film that was in it...
28,POSITIVE,it's,its,its,True,ABOUT_ITS_NN,Did you mean “its” (possessive pronoun) instead of ‘it’s’ (short for ‘it is’)?,"...'s acid-trip film that was in it's place, is leagues better than..."
28,POSITIVE,MuppetVision,Muppet Vision,Muppet Vision,False,MORFOLOGIK_RULE_EN_GB,Possible spelling mistake found.,"...e fun), barely squeaks by the MuppetVision 3-D movie at Disney-MGM and c..."
28,POSITIVE,th,the,the | TH | Th | to | TT,True,MORFOLOGIK_RULE_EN_GB,Possible spelling mistake found.,...a smile to my face throughout th...
29,NEGATIVE,..,.,. | …,True,DOUBLE_PUNCTUATION,Two consecutive dots,...n a complete league of its own.. I don't think any movie could...
29,NEGATIVE,..,.,. | …,True,DOUBLE_PUNCTUATION,Two consecutive dots,...irector intended to make it as.. a thriller or a comedy. If he...
29,NEGATIVE,a,A,A,True,UPPERCASE_SENTENCE_START,This sentence does not start with an uppercase letter.,...ctor intended to make it as.. a thriller or a comedy. If he d...
29,NEGATIVE,bollywood,Bollywood,Bollywood | Hollywood | Bellwood,True,MORFOLOGIK_RULE_EN_GB,Possible spelling mistake found.,"...luck, created one of the best bollywood comedies of all time. You hav..."
29,NEGATIVE,beleive,believe,believe,True,MORFOLOGIK_RULE_EN_GB,Possible spelling mistake found.,...l time. You have to see it to beleive it.. a matrix + terminator + ...
29,NEGATIVE,..,.,. | …,True,DOUBLE_PUNCTUATION,Two consecutive dots,...u have to see it to beleive it.. a matrix + terminator + a ...
29,NEGATIVE,a,A,A,True,UPPERCASE_SENTENCE_START,This sentence does not start with an uppercase letter.,...ave to see it to beleive it.. a matrix + terminator + a ...
30,POSITIVE,br,BR,BR | Br | by | or | be,True,MORFOLOGIK_RULE_EN_GB,Possible spelling mistake found.,... be free to marry Ruth Roman.<br /><br />So when they meet as ...
30,POSITIVE,br,BR,BR | Br | by | or | be,True,MORFOLOGIK_RULE_EN_GB,Possible spelling mistake found.,...ee to marry Ruth Roman.<br /><br />So when they meet as comple...
31,POSITIVE,However,"However,","However,",False,SENT_START_CONJUNCTIVE_LINKING_ADVERB_COMMA,A comma may be missing after the conjunctive/linking adverb ‘However’.,...inspiration to this THURSDAY. However for a low cost B-Series movie...
31,POSITIVE, and,", and",", and",False,COMMA_COMPOUND_SENTENCE,Use a comma before ‘and’ if it connects two independent clauses (unless they are closely connected and short).,...sters is captivating and funny and it also has a bit of dark hum...
31,POSITIVE,humor,humour,humour,False,MORFOLOGIK_RULE_EN_GB,Possible spelling mistake. ‘humor’ is American English.,...and it also has a bit of dark humor and sarcasm we can find in PU...
31,POSITIVE, but,", but",", but",False,COMMA_COMPOUND_SENTENCE_2,Use a comma before ‘but’ if it connects two independent clauses (unless they are closely connected and short).,...sources weren't many fore sure but the film is well produced. Th...
31,POSITIVE,woz,won,won | oz | woo | woe | wow,False,MORFOLOGIK_RULE_EN_GB,Possible spelling mistake found.,...joyed the scene when the girl woz sat on the sofa teasin...
31,POSITIVE,teasin,teasing,teasing | Tessin | tea sin | teas in,False,MORFOLOGIK_RULE_EN_GB,Possible spelling mistake found.,... the girl woz sat on the sofa teasin...
32,POSITIVE,thier,their,their | tier | thief | trier | Thiel,True,MORFOLOGIK_RULE_EN_GB,Possible spelling mistake found.,"...nudity and sexual openness is thier, but it's not all for laughs...."
32,POSITIVE,Vietnam war,Vietnam War,Vietnam War,True,EN_SPECIFIC_CASE,"If the term is a proper noun, use initial capitals.","...lth issues, human rights, the Vietnam war, free love, LSD and drug expe..."
33,POSITIVE,Yash,Cash,Cash | Ash | Nash | Dash | Hash,False,MORFOLOGIK_RULE_EN_GB,Possible spelling mistake found.,"...oduce total duds. Mercifully, Yash Chopra's interpretation of ""S..."
33,POSITIVE,Chopra,Copra,Copra,False,MORFOLOGIK_RULE_EN_GB,Possible spelling mistake found.,"... total duds. Mercifully, Yash Chopra's interpretation of ""Sleeping..."
33,POSITIVE,br,BR,BR | Br | by | or | be,True,MORFOLOGIK_RULE_EN_GB,Possible spelling mistake found.,... stylish and well-made films.<br /><br />Shah Rukh Khan is obs...
33,POSITIVE,br,BR,BR | Br | by | or | be,True,MORFOLOGIK_RULE_EN_GB,Possible spelling mistake found.,...sh and well-made films.<br /><br />Shah Rukh Khan is obsessed ...
33,POSITIVE,Juhi,Judi,Judi,False,MORFOLOGIK_RULE_EN_GB,Possible spelling mistake found.,...ah Rukh Khan is obsessed with Juhi Chawla (who's looking her ver...
33,POSITIVE,Chawla,Chalk,Chalk | Crawl | Carla | Crawls | Shawl,False,MORFOLOGIK_RULE_EN_GB,Possible spelling mistake found.,...kh Khan is obsessed with Juhi Chawla (who's looking her very best ...
33,POSITIVE,Juhi,Judi,Judi,False,MORFOLOGIK_RULE_EN_GB,Possible spelling mistake found.,"...here!). When he realizes that Juhi has a fiance in Sunny Deol, h..."
33,POSITIVE,fiance,fiancé,fiancé,False,EN_DIACRITICS_REPLACE_ORTHOGRAPHY_FIANCE,"‘fiance’ is an imported foreign name or expression, which originally has a diacritic.","...n he realizes that Juhi has a fiance in Sunny Deol, he stops at no..."
33,POSITIVE,Deol,Deal,Deal | Del | Dell | DEL | DOL,False,MORFOLOGIK_RULE_EN_GB,Possible spelling mistake found.,"...at Juhi has a fiance in Sunny Deol, he stops at nothink to make ..."
33,POSITIVE,nothink,nothing,nothing | no think,True,MORFOLOGIK_RULE_EN_GB,Possible spelling mistake found.,"...ce in Sunny Deol, he stops at nothink to make sure she becomes his...."
33,POSITIVE,br,BR,BR | Br | by | or | be,True,MORFOLOGIK_RULE_EN_GB,Possible spelling mistake found.,...to make sure she becomes his.<br /><br />Every frame of this f...
33,POSITIVE,br,BR,BR | Br | by | or | be,True,MORFOLOGIK_RULE_EN_GB,Possible spelling mistake found.,...e sure she becomes his.<br /><br />Every frame of this film is...
33,POSITIVE,Rukh,Rush,Rush | Ruth | Ruche | RUH,False,MORFOLOGIK_RULE_EN_GB,Possible spelling mistake found.,...t to watch. Whether it's Shah Rukh chanting his t...
34,NEGATIVE,sumone,Simone,Simone | sum one,False,MORFOLOGIK_RULE_EN_GB,Possible spelling mistake found.,"...ar complete, my guess is that sumone actually bothered to steal ev..."
34,NEGATIVE,evry,very,very | every,True,MORFOLOGIK_RULE_EN_GB,Possible spelling mistake found.,...ne actually bothered to steal evry other page of the script.<br ...
34,NEGATIVE,br,BR,BR | Br | by | or | be,True,MORFOLOGIK_RULE_EN_GB,Possible spelling mistake found.,...vry other page of the script.<br /><br />The movie contains bi...
34,NEGATIVE,br,BR,BR | Br | by | or | be,True,MORFOLOGIK_RULE_EN_GB,Possible spelling mistake found.,...her page of the script.<br /><br />The movie contains bizarre ...
34,NEGATIVE,dialogs,dialogues,dialogues,False,MORFOLOGIK_RULE_EN_GB,Possible spelling mistake. ‘dialogs’ is American English.,"... without notice, inconsistent dialogs, misplaced details all over, ..."
34,NEGATIVE,other then,other than,other than,False,OTHER_THEN,Did you mean “other than”?,"... music isn't very bad at all, other then misplaced tracks, and besides..."
34,NEGATIVE,Missplaced,Misplaced,Misplaced | Miss placed,True,MORFOLOGIK_RULE_EN_GB,Possible spelling mistake found.,"...ctually, and that says a lot. Missplaced sound effects ruin the tensio..."
34,NEGATIVE,th,the,the | TH | Th | to | TT,True,MORFOLOGIK_RULE_EN_GB,Possible spelling mistake found.,"...und effects ruin the tension, th..."
35,POSITIVE,thay,that,that | they | than | Thai | hay,True,MORFOLOGIK_RULE_EN_GB,Possible spelling mistake found.,"...s of Endearment""-- after all, thay don't want to be accused of s..."
35,POSITIVE,br,BR,BR | Br | by | or | be,True,MORFOLOGIK_RULE_EN_GB,Possible spelling mistake found.,...d of showing TOO much taste).<br /><br />Alber...
35,POSITIVE,br,BR,BR | Br | by | or | be,True,MORFOLOGIK_RULE_EN_GB,Possible spelling mistake found.,...howing TOO much taste).<br /><br />Alber...
35,POSITIVE,Alber,Albert,Albert | Alter | Amber | Alder | Alger,True,MORFOLOGIK_RULE_EN_GB,Possible spelling mistake found.,...g TOO much taste).<br /><br />Alber...
36,POSITIVE,woz,won,won | oz | woo | woe | wow,False,MORFOLOGIK_RULE_EN_GB,Possible spelling mistake found.,...This movie woz a heart-felt piece of cinema ...
36,POSITIVE,hav,had,had | has | have | hat | hay,False,MORFOLOGIK_RULE_EN_GB,Possible spelling mistake found.,"...s like the flying machine may hav never happened, it helped to ..."
36,POSITIVE,lower then,lower than,lower than,False,COMPARISONS_THEN,Did you mean “lower than”?,"...cience, I could not rate this lower then a 9 out of 10, great performa..."
37,NEGATIVE,br,BR,BR | Br | by | or | be,True,MORFOLOGIK_RULE_EN_GB,Possible spelling mistake found.,"... into this ""trap"" of a movie.<br /><br />If I coud turn back t..."
37,NEGATIVE,br,BR,BR | Br | by | or | be,True,MORFOLOGIK_RULE_EN_GB,Possible spelling mistake found.,"...this ""trap"" of a movie.<br /><br />If I coud turn back time or..."
37,NEGATIVE,coud,could,could,True,WOLD_WOULD,Did you mean “could”?,"..."" of a movie.<br /><br />If I coud turn back time or simply get ..."
37,NEGATIVE,woud,would,would | word | wood | loud | wound,True,MORFOLOGIK_RULE_EN_GB,Possible spelling mistake found.,...time or simply get a refund I woud be happy.<br /><br />It was 7...
37,NEGATIVE,br,BR,BR | Br | by | or | be,True,MORFOLOGIK_RULE_EN_GB,Possible spelling mistake found.,...get a refund I woud be happy.<br /><br />It was 7:30pm and Cin...
37,NEGATIVE,br,BR,BR | Br | by | or | be,True,MORFOLOGIK_RULE_EN_GB,Possible spelling mistake found.,...refund I woud be happy.<br /><br />It was 7:30pm and Cinderell...
37,NEGATIVE, so,", so",", so",False,COMMA_COMPOUND_SENTENCE,Use a comma before ‘so’ if it connects two independent clauses (unless they are closely connected and short).,...la Man didn't start until 10pm so I rushed into the theater to ...
37,NEGATIVE,theater,theatre,theatre,False,MORFOLOGIK_RULE_EN_GB,Possible spelling mistake. ‘theater’ is American English.,...til 10pm so I rushed into the theater to catch the movie that start...
37,NEGATIVE,br,BR,BR | Br | by | or | be,True,MORFOLOGIK_RULE_EN_GB,Possible spelling mistake found.,... by sitting in for this film.<br /><br />It may be unfair to c...
37,NEGATIVE,br,BR,BR | Br | by | or | be,True,MORFOLOGIK_RULE_EN_GB,Possible spelling mistake found.,...tting in for this film.<br /><br />It may be unfair to critici...
37,NEGATIVE,mal,MAL,MAL | may | man | male | map,False,MORFOLOGIK_RULE_EN_GB,Possible spelling mistake found.,...t targeted at my heterosexual mal...
38,POSITIVE,this,This,This,True,UPPERCASE_SENTENCE_START,This sentence does not start with an uppercase letter.,...this movie is certainly worth a wa...
38,POSITIVE,it,It,It,True,UPPERCASE_SENTENCE_START,This sentence does not start with an uppercase letter.,...e is certainly worth a watch. it's full of action. it's also h...
38,POSITIVE,it,It,It,True,UPPERCASE_SENTENCE_START,This sentence does not start with an uppercase letter.,...a watch. it's full of action. it's also humorous. you'll laugh...
38,POSITIVE,you,You,You,True,UPPERCASE_SENTENCE_START,This sentence does not start with an uppercase letter.,...f action. it's also humorous. you'll laugh until your stomach h...
38,POSITIVE,this,This,This,True,UPPERCASE_SENTENCE_START,This sentence does not start with an uppercase letter.,...urts if you watch this movie. this movie also includes lots of h...
38,POSITIVE,i,I,I,True,I_LOWERCASE,The personal pronoun “I” should be uppercase.,... things hence the name gen-y. i recommend you to watch the pr...
38,POSITIVE,wich,with,with | which | rich | wish | witch,False,MORFOLOGIK_RULE_EN_GB,Possible spelling mistake found.,...tch the prequel of this movie wich is gen-x....
39,POSITIVE,realy,real,real | ready | really | realm | relay,True,MORFOLOGIK_RULE_EN_GB,Possible spelling mistake found.,"...when it has to be, it is also realy beautiful. A Tale of Two Sist..."
40,NEGATIVE,woz,won,won | oz | woo | woe | wow,False,MORFOLOGIK_RULE_EN_GB,Possible spelling mistake found.,"...""The Wizard of Menlo Park"" woz deeply responsible for many t..."
41,NEGATIVE,I, I, I,True,SENTENCE_WHITESPACE,Add a space between sentences.,"...e and all I can say is this...I am not a film student, nor am..."
41,NEGATIVE,artsy,Artsy,Artsy | arts | arty | arced | antsy,True,MORFOLOGIK_RULE_EN_GB,Possible spelling mistake found.,"...a film student, nor am I some artsy intellect who tries to look f..."
41,NEGATIVE,br,BR,BR | Br | by | or | be,True,MORFOLOGIK_RULE_EN_GB,Possible spelling mistake found.,"...film, my thoughts would be...<br /><br />Yep! He's on drugs an..."
41,NEGATIVE,br,BR,BR | Br | by | or | be,True,MORFOLOGIK_RULE_EN_GB,Possible spelling mistake found.,...my thoughts would be...<br /><br />Yep! He's on drugs and I ca...
41,NEGATIVE,coud,could,could | cold | coup | cloud | cord,True,MORFOLOGIK_RULE_EN_GB,Possible spelling mistake found.,...'t it be funny if nuns really coud fly? Like what if one just fe...
42,POSITIVE,FABOULOUS,FABULOUS,FABULOUS,False,MORFOLOGIK_RULE_EN_GB,Possible spelling mistake found.,"...FOOT IN THE GRAVE, ABSOLUTELY FABOULOUS THE THIN BLUE LINE, THE BRITT..."
42,POSITIVE,BRITTAS,BRITTANY,BRITTANY | BRITTLE | BRITONS | BRITT | BRITTEN,False,MORFOLOGIK_RULE_EN_GB,Possible spelling mistake found.,"...ULOUS THE THIN BLUE LINE, THE BRITTAS EMPIRE and MEN BEHAVING BADLY..."
42,POSITIVE,br,BR,BR | Br | by | or | be,True,MORFOLOGIK_RULE_EN_GB,Possible spelling mistake found.,"...V screens for the first time.<br /><br />However, MR. BEAN is,..."
42,POSITIVE,br,BR,BR | Br | by | or | be,True,MORFOLOGIK_RULE_EN_GB,Possible spelling mistake found.,"...ens for the first time.<br /><br />However, MR. BEAN is, hands..."
42,POSITIVE,br,BR,BR | Br | by | or | be,True,MORFOLOGIK_RULE_EN_GB,Possible spelling mistake found.,...greatest sitcom of the 1990s.<br /><br />MR. BEAN represents t...
42,POSITIVE,br,BR,BR | Br | by | or | be,True,MORFOLOGIK_RULE_EN_GB,Possible spelling mistake found.,...st sitcom of the 1990s.<br /><br />MR. BEAN represents the fir...
43,POSITIVE,if,If,If,True,UPPERCASE_SENTENCE_START,This sentence does not start with an uppercase letter.,...if filming is about vision and r...
43,POSITIVE,speak,speaks,speaks,False,IT_VBZ,"After ‘it’, use the third-person verb form “speaks”.","...the beginning of '900, but it speak also for now, when emigration..."
43,POSITIVE, .,.,.,True,COMMA_PARENTHESIS_WHITESPACE,Don’t put a space before the full stop.,...n/immigration is still a focus . <br /><br />It doesn't to be ...
43,POSITIVE,br,BR,BR | Br | by | or | be,True,MORFOLOGIK_RULE_EN_GB,Possible spelling mistake found.,...migration is still a focus . <br /><br />It doesn't to be rich...
43,POSITIVE,br,BR,BR | Br | by | or | be,True,MORFOLOGIK_RULE_EN_GB,Possible spelling mistake found.,...ion is still a focus . <br /><br />It doesn't to be rich to be...
43,POSITIVE,br,BR,BR | Br | by | or | be,True,MORFOLOGIK_RULE_EN_GB,Possible spelling mistake found.,... rich to be a visionary film.<br /><br />Acting at extra level...
43,POSITIVE,br,BR,BR | Br | by | or | be,True,MORFOLOGIK_RULE_EN_GB,Possible spelling mistake found.,"...to be a visionary film.<br /><br />Acting at extra level, Char..."
43,POSITIVE,br,BR,BR | Br | by | or | be,True,MORFOLOGIK_RULE_EN_GB,Possible spelling mistake found.,...ge for the Academy Award 2007<br /><br />After first Crialese'...
43,POSITIVE,br,BR,BR | Br | by | or | be,True,MORFOLOGIK_RULE_EN_GB,Possible spelling mistake found.,... the Academy Award 2007<br /><br />After first Crialese's atte...
43,POSITIVE,Crialese,Chinese,Chinese | Circles | Creates | Crimes | Trials,False,MORFOLOGIK_RULE_EN_GB,Possible spelling mistake found.,"...d 2007<br /><br />After first Crialese's attempt, ""Respiro"", an emot..."
43,POSITIVE,Respiro,Respire,Respire,False,MORFOLOGIK_RULE_EN_GB,Possible spelling mistake found.,"...er first Crialese's attempt, ""Respiro"", an emotional but too intell..."
44,NEGATIVE,woz,won,won | oz | woo | woe | wow,True,MORFOLOGIK_RULE_EN_GB,Possible spelling mistake found.,...It woz so disjointed - it seemed to ...
44,NEGATIVE,skool,school,school | schools | stool | spool | skol,True,MORFOLOGIK_RULE_EN_GB,Possible spelling mistake found.,"...or man's (not to mention high skool) ""Less then Zero"". I would pa..."
44,NEGATIVE,then,than,than,True,COMP_THAN,"Comparison requires “than”, not ‘then’ nor ‘as’.","... to mention high skool) ""Less then Zero"". I would pass on this m..."
44,NEGATIVE,somthing,something,something | soothing | southing,True,MORFOLOGIK_RULE_EN_GB,Possible spelling mistake found.,".... Avoid this movie, and watch somthing else about rich teen angs..."
44,NEGATIVE,angs,ants,ants | gangs | hangs | Angus | angst,False,MORFOLOGIK_RULE_EN_GB,Possible spelling mistake found.,...somthing else about rich teen angs...
45,NEGATIVE,moovie,movie,movie | moo vie,False,MORFOLOGIK_RULE_EN_GB,Possible spelling mistake found.,...This terrible moovie is fun on many levels - the m...
45,NEGATIVE,moost,most,most | moist | boost | moose | moot,False,MORFOLOGIK_RULE_EN_GB,Possible spelling mistake found.,"...e is fun on many levels - the moost obvious is the lame, fake-loo..."
45,NEGATIVE,50's,50s,50s,False,APOSTROPHE_IN_DATES,Apostrophes aren’t needed for decades.,... everyone's hair? I guess the 50's were the Slimeball decade! We...
45,NEGATIVE,god-forsaken,godforsaken,godforsaken,False,EN_COMPOUNDS_GOD_FORSAKEN,This word is normally spelled as one.,"...t apparently comes from ""some god-forsaken anti-matter universe"", and it..."
46,NEGATIVE,It, It, It,True,SENTENCE_WHITESPACE,Add a space between sentences.,...ing this Hollywood remake was.It's so dreadful. It easily land...
46,NEGATIVE,About, About, About,False,SENTENCE_WHITESPACE,Add a space between sentences.,...my top 10 worst films of 1998.About the only thing it had going f...
46,NEGATIVE,",who",", who",", who",False,COMMA_PARENTHESIS_WHITESPACE,Put a space after the comma.,"... going for it was Bruce Willis,who shoud stick to action films,a..."
46,NEGATIVE,shoud,should,should | shout | shroud | shoed | SOUD,True,MORFOLOGIK_RULE_EN_GB,Possible spelling mistake found.,"...g for it was Bruce Willis,who shoud stick to action films,as a co..."
46,NEGATIVE,",as",", as",", as",False,COMMA_PARENTHESIS_WHITESPACE,Put a space after the comma.,"...ho shoud stick to action films,as a completely emotionless kill..."
46,NEGATIVE,muther,mother,mother | Luther | Mather | musher | mutter,True,MORFOLOGIK_RULE_EN_GB,Possible spelling mistake found.,...ess killer who'd kill his own muther for the right price.But I'd r...
46,NEGATIVE,But, But, But,False,SENTENCE_WHITESPACE,Add a space between sentences.,...wn muther for the right price.But I'd rather listen to Robbie C...
46,NEGATIVE,Coltraine,Coltrane,Coltrane | Coleraine,False,MORFOLOGIK_RULE_EN_GB,Possible spelling mistake found.,...t I'd rather listen to Robbie Coltraine talk American for a week than...
46,NEGATIVE,But, But, But,False,SENTENCE_WHITESPACE,Add a space between sentences.,...nauseating Irish accent again.But this film is also implausible...
46,NEGATIVE,",unconvincing",", unconvincing",", unconvincing",False,COMMA_PARENTHESIS_WHITESPACE,Put a space after the comma.,"... this film is also implausible,unconvincing,uneven,une..."
46,NEGATIVE,",une",", une",", une",False,COMMA_PARENTHESIS_WHITESPACE,Put a space after the comma.,"...mplausible,unconvincing,uneven,une..."
47,NEGATIVE,hmmmm,hmm mm,hmm mm,False,MORFOLOGIK_RULE_EN_GB,Possible spelling mistake found.,...SPOILER!!!! Mind Ripper hmmmm.... I had just watched the ni...
47,NEGATIVE,Ribisi,RBIs,RBIs | Ribs | Rimini | Ibis | IFISI,False,MORFOLOGIK_RULE_EN_GB,Possible spelling mistake found.,...just found out about Giovanni Ribisi. I thought Giovanni Ribisi ha...
47,NEGATIVE,Ribisi,RBIs,RBIs | Ribs | Rimini | Ibis | IFISI,False,MORFOLOGIK_RULE_EN_GB,Possible spelling mistake found.,...ni Ribisi. I thought Giovanni Ribisi hadnt done any horrors so I c...
47,NEGATIVE,hadnt,hadn't,hadn't,False,EN_CONTRACTION_SPELLING,Possible spelling mistake found.,...si. I thought Giovanni Ribisi hadnt done any horrors so I checked...
47,NEGATIVE, so,", so",", so",False,COMMA_COMPOUND_SENTENCE,Use a comma before ‘so’ if it connects two independent clauses (unless they are closely connected and short).,"... Ribisi hadnt done any horrors so I checked into it. I saw ""the..."
47,NEGATIVE,I,"Furthermore, I","Furthermore, I | Likewise, I | Not only that, but I",False,ENGLISH_WORD_REPEAT_BEGINNING_RULE,Three successive sentences begin with the same word. Consider rewording the sentence or use a thesaurus to find a synonym.,"...horrors so I checked into it. I saw ""the outpost"" (mind rippe..."
47,NEGATIVE,Tivo,Vivo,Vivo | Tito | Ivo | TIV | TVO,False,MORFOLOGIK_RULE_EN_GB,Possible spelling mistake found.,...(mind ripper) I checked on my Tivo for it. There was an air date...
47,NEGATIVE,freakin,freaking,freaking | phreaking | freak in,False,MORFOLOGIK_RULE_EN_GB,Possible spelling mistake found.,... and what the hell is this? A freakin bold guy in blue sweat pants ...
47,NEGATIVE,sweat pants,sweatpants,sweatpants,False,EN_COMPOUNDS_SWEAT_PANTS,This word is normally spelled as one.,...s? A freakin bold guy in blue sweat pants running around yelling! Nothi...
47,NEGATIVE,Nothink,Nothing,Nothing | No think,True,MORFOLOGIK_RULE_EN_GB,Possible spelling mistake found.,...pants running around yelling! Nothink is scary about this movie at ...
48,POSITIVE,hav,had,had | has | have | hat | hay,False,MORFOLOGIK_RULE_EN_GB,Possible spelling mistake found.,...his in 1993 on a VHS tape but hav been unable to find it at any...
48,POSITIVE,Phillipines,Philippines,Philippines,False,MORFOLOGIK_RULE_EN_GB,Possible spelling mistake found.,...s of the Japanese Army in the Phillipines. Anyone with an interest in t...
48,POSITIVE,From, From, From,True,SENTENCE_WHITESPACE,Add a space between sentences.,"...s the other side fought under.From what I can tell, this is hist..."
48,POSITIVE,woz,won,won | oz | woo | woe | wow,False,MORFOLOGIK_RULE_EN_GB,Possible spelling mistake found.,... understand the Japanese Army woz completely cut off from any r...
48,POSITIVE,re-su,rest,rest | reuse | Rees | Reese | reds,True,MORFOLOGIK_RULE_EN_GB,Possible spelling mistake found.,...z completely cut off from any re-su...
49,NEGATIVE,br,BR,BR | Br | by | or | be,True,MORFOLOGIK_RULE_EN_GB,Possible spelling mistake found.,...Plot:<br /><br />- A Chair from EBay<b...
49,NEGATIVE,br,BR,BR | Br | by | or | be,True,MORFOLOGIK_RULE_EN_GB,Possible spelling mistake found.,...Plot:<br /><br />- A Chair from EBay<br /><b...
49,NEGATIVE,br,BR,BR | Br | by | or | be,True,MORFOLOGIK_RULE_EN_GB,Possible spelling mistake found.,...r /><br />- A Chair from EBay<br /><br />- Random people<br />...
49,NEGATIVE,br,BR,BR | Br | by | or | be,True,MORFOLOGIK_RULE_EN_GB,Possible spelling mistake found.,...r />- A Chair from EBay<br /><br />- Random people<br /><br />...
49,NEGATIVE,br,BR,BR | Br | by | or | be,True,MORFOLOGIK_RULE_EN_GB,Possible spelling mistake found.,...ay<br /><br />- Random people<br /><br />- Random people talk ...
49,NEGATIVE,br,BR,BR | Br | by | or | be,True,MORFOLOGIK_RULE_EN_GB,Possible spelling mistake found.,".../><br />- Random people<br /><br />- Random people talk ("" Dud..."
49,NEGATIVE,Lets,Let's,Let's,False,LETS_LET,Did you mean “Let's” (let’s = let us; lets = 3rd person singular of ‘let’)?,"...s right. "" ""I'm feeling it."" ""Lets get married now!"")<br /><br /..."
49,NEGATIVE,br,BR,BR | Br | by | or | be,True,MORFOLOGIK_RULE_EN_GB,Possible spelling mistake found.,"...it."" ""Lets get married now!"")<br /><br />- If you are a ""hippi..."
49,NEGATIVE,br,BR,BR | Br | by | or | be,True,MORFOLOGIK_RULE_EN_GB,Possible spelling mistake found.,"...Lets get married now!"")<br /><br />- If you are a ""hippie"" the..."
49,NEGATIVE,br,BR,BR | Br | by | or | be,True,MORFOLOGIK_RULE_EN_GB,Possible spelling mistake found.,...our life watching this junk.)<br /><br />This movie was clearl...
49,NEGATIVE,br,BR,BR | Br | by | or | be,True,MORFOLOGIK_RULE_EN_GB,Possible spelling mistake found.,...fe watching this junk.)<br /><br />This movie was clearly not ...
50,NEGATIVE,portrayla,portrayal,portrayal,False,MORFOLOGIK_RULE_EN_GB,Possible spelling mistake found.,"..., this is another stereotypic portrayla of Gay life however, the addi..."
50,NEGATIVE,br,BR,BR | Br | by | or | be,True,MORFOLOGIK_RULE_EN_GB,Possible spelling mistake found.,...get the impossible storyline.<br /><br />It is Christmas in Ne...
50,NEGATIVE,br,BR,BR | Br | by | or | be,True,MORFOLOGIK_RULE_EN_GB,Possible spelling mistake found.,...e impossible storyline.<br /><br />It is Christmas in New York...
50,NEGATIVE,immediatly,immediately,immediately,False,MORFOLOGIK_RULE_EN_GB,Possible spelling mistake found.,"...n New York City and our story immediatly ""focuses"" on two male individ..."
50,NEGATIVE,impluasability,implausibility,implausibility | implacability,False,MORFOLOGIK_RULE_EN_GB,Possible spelling mistake found.,...that he is gay (adding to the impluasability of the story 'cause this guy...
51,NEGATIVE,..,.,. | …,True,DOUBLE_PUNCTUATION,Two consecutive dots,"...ding"" is beyond my imagination.. ""What's wrong w..."
52,POSITIVE,arund,around,around | Arun,True,MORFOLOGIK_RULE_EN_GB,Possible spelling mistake found.,...d teens telling ghost stories arund a campfire in spooky woods ni...
52,POSITIVE,togeather,together,together,True,MORFOLOGIK_RULE_EN_GB,Possible spelling mistake found.,"...s nicely leads into, and ties togeather the different stories that ma..."
52,POSITIVE,tr,try,try,False,TR,"Make sure that ‘tr’ is an abbreviation for a word such as ‘translator’, ‘treasurer’ or ‘trustee’ and not a typing error. Did you mean “try”?","...on"")). Solid acting and a few tr..."
53,POSITIVE,br,BR,BR | Br | by | or | be,True,MORFOLOGIK_RULE_EN_GB,Possible spelling mistake found.,"... enjoyable late-night rental.<br /><br />However, everyone wan..."
53,POSITIVE,br,BR,BR | Br | by | or | be,True,MORFOLOGIK_RULE_EN_GB,Possible spelling mistake found.,"...able late-night rental.<br /><br />However, everyone wants to ..."
53,POSITIVE,coud,could,could | cold | coup | cloud | cord,True,MORFOLOGIK_RULE_EN_GB,Possible spelling mistake found.,... film is a cult classic; what coud possibly follow it up? Nothin...
53,POSITIVE,br,BR,BR | Br | by | or | be,True,MORFOLOGIK_RULE_EN_GB,Possible spelling mistake found.,...it certainly has its moments.<br /><br />Jackie Mason is amusi...
53,POSITIVE,br,BR,BR | Br | by | or | be,True,MORFOLOGIK_RULE_EN_GB,Possible spelling mistake found.,"...tainly has its moments.<br /><br />Jackie Mason is amusing, do..."
54,NEGATIVE,br,BR,BR | Br | by | or | be,True,MORFOLOGIK_RULE_EN_GB,Possible spelling mistake found.,...on and Jacqueline Mackenzie).<br /><br />This film is offensiv...
54,NEGATIVE,br,BR,BR | Br | by | or | be,True,MORFOLOGIK_RULE_EN_GB,Possible spelling mistake found.,... Jacqueline Mackenzie).<br /><br />This film is offensive; bes...
54,NEGATIVE,woz,won,won | oz | woo | woe | wow,False,MORFOLOGIK_RULE_EN_GB,Possible spelling mistake found.,...ot in any way capture what it woz like to lose such a close fam...
54,NEGATIVE,br,BR,BR | Br | by | or | be,True,MORFOLOGIK_RULE_EN_GB,Possible spelling mistake found.,...ted by the true-life tragedy.<br /><br />As for the director; ...
54,NEGATIVE,br,BR,BR | Br | by | or | be,True,MORFOLOGIK_RULE_EN_GB,Possible spelling mistake found.,... the true-life tragedy.<br /><br />As for the director; he man...
55,NEGATIVE,Chabert,Chart,Chart | Chamber | Chambers | Colbert | Hubert,False,MORFOLOGIK_RULE_EN_GB,Possible spelling mistake found.,...pted 'deep' scenes with Lacey Chabert are pretty nauseating. It sta...
55,NEGATIVE,woz,won,won | oz | woo | woe | wow,False,MORFOLOGIK_RULE_EN_GB,Possible spelling mistake found.,... me started on the ending. It woz totally...
56,NEGATIVE,probaly,probably,probably,True,MORFOLOGIK_RULE_EN_GB,Possible spelling mistake found.,...With my two stars I will probaly make it to the head of the IM...
56,NEGATIVE,br,BR,BR | Br | by | or | be,True,MORFOLOGIK_RULE_EN_GB,Possible spelling mistake found.,...emendously popular TV series.<br /><br />Not least becoz of th...
56,NEGATIVE,br,BR,BR | Br | by | or | be,True,MORFOLOGIK_RULE_EN_GB,Possible spelling mistake found.,...usly popular TV series.<br /><br />Not least becoz of the enth...
56,NEGATIVE,becoz,become,become | below | Benz | bacon | beacon,False,MORFOLOGIK_RULE_EN_GB,Possible spelling mistake found.,... series.<br /><br />Not least becoz of the enthusiastic comments ...
56,NEGATIVE,uther,Uther,Uther | other | Luther | ether | utter,False,MORFOLOGIK_RULE_EN_GB,Possible spelling mistake found.,"...instalment  and according to uther comments the funniest"" bits ..."
56,NEGATIVE,br,BR,BR | Br | by | or | be,True,MORFOLOGIK_RULE_EN_GB,Possible spelling mistake found.,"...t"" bits were already through.<br /><br />So now I know, accord..."
56,NEGATIVE,br,BR,BR | Br | by | or | be,True,MORFOLOGIK_RULE_EN_GB,Possible spelling mistake found.,"...s were already through.<br /><br />So now I know, according to..."
57,NEGATIVE,trash,rubbish,rubbish,False,EN_GB_SIMPLE_REPLACE_TRASH,‘trash’ is a common American expression. Consider using expressions more common to British English.,"...Licence fees to watch this trash, And pay for it with hard-ear..."
57,NEGATIVE,br,BR,BR | Br | by | or | be,True,MORFOLOGIK_RULE_EN_GB,Possible spelling mistake found.,...od knows how it won a BAFTA! <br /><br />We've now been subjec...
57,NEGATIVE,br,BR,BR | Br | by | or | be,True,MORFOLOGIK_RULE_EN_GB,Possible spelling mistake found.,...ws how it won a BAFTA! <br /><br />We've now been subjected to...
57,NEGATIVE,Eastenders,Fasteners,Fasteners | Bartenders | Extenders | Ascenders | Easterners,False,MORFOLOGIK_RULE_EN_GB,Possible spelling mistake found.,"...>We've now been subjected to ""Eastenders"" for twenty years. When, oh w..."
57,NEGATIVE,programme,programmes,programmes,False,THIS_VB_DT,It appears that the verb tense is incorrect. The determiner “this” expects a singular verb.,...r what it is? Crass Pap! This programme no more depicts reality in th...
57,NEGATIVE,nevr,near,near | never | Neva | NVR | NER,False,MORFOLOGIK_RULE_EN_GB,Possible spelling mistake found.,"... everyday life in Beirut, and nevr has done.<br /><br />The East..."
57,NEGATIVE,br,BR,BR | Br | by | or | be,True,MORFOLOGIK_RULE_EN_GB,Possible spelling mistake found.,"...in Beirut, and nevr has done.<br /><br />The Eastenders I know..."
57,NEGATIVE,br,BR,BR | Br | by | or | be,True,MORFOLOGIK_RULE_EN_GB,Possible spelling mistake found.,"...rut, and nevr has done.<br /><br />The Eastenders I know (the ..."
57,NEGATIVE,Eastenders,Fasteners,Fasteners | Bartenders | Extenders | Ascenders | Easterners,False,MORFOLOGIK_RULE_EN_GB,Possible spelling mistake found.,...nevr has done.<br /><br />The Eastenders I know (the real ones) are ki...
58,POSITIVE,video tape,videotape,videotape,False,VIDEO_TAPE_COMPOUND,The word “videotape” is normally spelled as one word.,...ete genre and not just sex in video tape. Paul Thomas Anderson put his...
59,POSITIVE,Shehzad,Shead,Shead,False,MORFOLOGIK_RULE_EN_GB,Possible spelling mistake found.,...I love this film. Shehzad Khan's portrayal as Bhalla a....
59,POSITIVE,Bhalla,Balla,Balla,False,MORFOLOGIK_RULE_EN_GB,Possible spelling mistake found.,".... Shehzad Khan's portrayal as Bhalla a.k.a. ""Shut up, Robert!"" was..."
59,POSITIVE,Viju,Via,Via | View | Vice | Ridge | Virus,False,MORFOLOGIK_RULE_EN_GB,Possible spelling mistake found.,"...e, you could hear him squeal. Viju Khote is the dumbfounded Robe..."
59,POSITIVE,Khote,Home,Home | Those | Photo | White | Wrote,False,MORFOLOGIK_RULE_EN_GB,Possible spelling mistake found.,...u could hear him squeal. Viju Khote is the dumbfounded Robert a.k...
59,POSITIVE,Kapoor,Ka poor,Ka poor,False,MORFOLOGIK_RULE_EN_GB,Possible spelling mistake found.,"... ""Rabbit"". I love that Shakti Kapoor a.k.a. ""Crime Master Gogo"". P..."
59,POSITIVE,Gogo,Logo,Logo | Gogh | Togo | Gogol | Goo,False,MORFOLOGIK_RULE_EN_GB,Possible spelling mistake found.,"...i Kapoor a.k.a. ""Crime Master Gogo"". Paresh Rawal's double role ..."
59,POSITIVE,Paresh,Parish,Parish | Pares | Naresh | Parekh,False,MORFOLOGIK_RULE_EN_GB,Possible spelling mistake found.,"...r a.k.a. ""Crime Master Gogo"". Paresh Rawal's double role is so awe..."
59,POSITIVE,Rawal,Ramal,Ramal,False,MORFOLOGIK_RULE_EN_GB,Possible spelling mistake found.,".... ""Crime Master Gogo"". Paresh Rawal's double role is so awesomely..."
59,POSITIVE,Ramgopal,Removal,Removal | Rational | Ramona | Amoral | Jargonal,False,MORFOLOGIK_RULE_EN_GB,Possible spelling mistake found.,...ilarious for his portrayal as Ramgopal Bajaj & Shyamgopal Bajaj. Rav...
59,POSITIVE,Raveena,Ravenna,Ravenna,False,MORFOLOGIK_RULE_EN_GB,Possible spelling mistake found.,...pal Bajaj & Shyamgopal Bajaj. Raveena Tandon and Karishma Kapoor ar...
59,POSITIVE,Tandon,Tendon,Tendon | Landon | Andon | Sandon,False,MORFOLOGIK_RULE_EN_GB,Possible spelling mistake found.,...j & Shyamgopal Bajaj. Raveena Tandon and Karishma Kapoor are out o...
59,POSITIVE,Karishma,Krishna,Krishna | Kanishka | Karima | Kirishima | Marisha,False,MORFOLOGIK_RULE_EN_GB,Possible spelling mistake found.,...pal Bajaj. Raveena Tandon and Karishma Kapoor are out of this world....
59,POSITIVE,Kapoor,Ka poor,Ka poor,False,MORFOLOGIK_RULE_EN_GB,Possible spelling mistake found.,.... Raveena Tandon and Karishma Kapoor are out of this world. My bro...
59,POSITIVE,realy,real,real | ready | really | realm | relay,True,MORFOLOGIK_RULE_EN_GB,Possible spelling mistake found.,...this world. My brother does a realy good mimicry of Bhalla saying...
59,POSITIVE,Bhalla,Balla,Balla,False,MORFOLOGIK_RULE_EN_GB,Possible spelling mistake found.,"... does a realy good mimicry of Bhalla saying. ""Rel..."
59,POSITIVE,Rel,REL,REL | Real | Red | Del | Rely,False,MORFOLOGIK_RULE_EN_GB,Possible spelling mistake found.,"...od mimicry of Bhalla saying. ""Rel..."
60,NEGATIVE,Hollyweird,Holly weird,Holly weird,False,MORFOLOGIK_RULE_EN_GB,Possible spelling mistake found.,...h American movies these days? Hollyweird keeps making movies that hav ...
60,NEGATIVE,hav,had,had | has | have | hat | hay,False,MORFOLOGIK_RULE_EN_GB,Possible spelling mistake found.,...eird keeps making movies that hav men acting like women and wom...
60,NEGATIVE,thier,their,their | tier | thief | trier | Thiel,True,MORFOLOGIK_RULE_EN_GB,Possible spelling mistake found.,...er of this movie need to have thier heads examined. The main prob...
60,NEGATIVE,br,BR,BR | Br | by | or | be,True,MORFOLOGIK_RULE_EN_GB,Possible spelling mistake found.,...nist portrayals of the sexes.<br /><br />In the scenes of the ...
60,NEGATIVE,br,BR,BR | Br | by | or | be,True,MORFOLOGIK_RULE_EN_GB,Possible spelling mistake found.,"...ortrayals of the sexes.<br /><br />In the scenes of the bar, E..."
61,POSITIVE,swedish,Swedish,Swedish | swish | swedes | sweetish | swinish,True,MORFOLOGIK_RULE_EN_GB,Possible spelling mistake found.,...enings in Gothenburg 2001. In swedish media the demonstrators were ...
61,POSITIVE,pepol,pe pol,pe pol,False,MORFOLOGIK_RULE_EN_GB,Possible spelling mistake found.,"...y are intelligent, articulate pepol that has something to say - A..."
61,POSITIVE,beleive,believe,believe,True,MORFOLOGIK_RULE_EN_GB,Possible spelling mistake found.,"... by the force of bricks. They beleive in a better world, a wurld wh..."
61,POSITIVE,wurld,world,world,True,MORFOLOGIK_RULE_EN_GB,Possible spelling mistake found.,"... beleive in a better world, a wurld where people can think and sa..."
62,NEGATIVE,woz,won,won | oz | woo | woe | wow,False,MORFOLOGIK_RULE_EN_GB,Possible spelling mistake found.,...ly a disappointment for me. I woz planning to watch a historica...
62,NEGATIVE,First of all,First,First | Firstly | Foremost,True,FIRST_OF_ALL,"Often, this adverbial phrase is redundant. Consider using an alternative.","...e screen was a fictional one. First of all, the main character of the mo..."
62,NEGATIVE,Cengiz,Cenis,Cenis | Deniz,False,MORFOLOGIK_RULE_EN_GB,Possible spelling mistake found.,"...e main character of the movie Cengiz Han, the great conquer was po..."
63,POSITIVE,Eschnapur,Schnapps,Schnapps | Escaper | Escheator | Schnaps,False,MORFOLOGIK_RULE_EN_GB,Possible spelling mistake found.,"...ance in Fritz Lang's Tiger of Eschnapur, available on DVD, were she p..."
63,POSITIVE,were,where,where | we,True,WERE_VBB,Did you mean “where” or “we”?,"... Eschnapur, available on DVD, were she played the temple dancer ..."
63,POSITIVE,Seetha,Seethe,Seethe | Geetha,False,MORFOLOGIK_RULE_EN_GB,Possible spelling mistake found.,... she played the temple dancer Seetha.<br /><br />One problem with ...
63,POSITIVE,br,BR,BR | Br | by | or | be,True,MORFOLOGIK_RULE_EN_GB,Possible spelling mistake found.,...yed the temple dancer Seetha.<br /><br />One problem with the ...
63,POSITIVE,br,BR,BR | Br | by | or | be,True,MORFOLOGIK_RULE_EN_GB,Possible spelling mistake found.,...e temple dancer Seetha.<br /><br />One problem with the movie ...
64,NEGATIVE,br,BR,BR | Br | by | or | be,True,MORFOLOGIK_RULE_EN_GB,Possible spelling mistake found.,"...y production, run away. Fast.<br /><br />Kelly proved to the w..."
64,NEGATIVE,br,BR,BR | Br | by | or | be,True,MORFOLOGIK_RULE_EN_GB,Possible spelling mistake found.,"...uction, run away. Fast.<br /><br />Kelly proved to the world a..."
64,NEGATIVE,woz,won,won | oz | woo | woe | wow,False,MORFOLOGIK_RULE_EN_GB,Possible spelling mistake found.,... one pretentious director. It woz indulgent and convoluted. In ...
64,NEGATIVE,br,BR,BR | Br | by | or | be,True,MORFOLOGIK_RULE_EN_GB,Possible spelling mistake found.,"...e Box"", not much has changed.<br /><br />I can picture what hi..."
64,NEGATIVE,br,BR,BR | Br | by | or | be,True,MORFOLOGIK_RULE_EN_GB,Possible spelling mistake found.,"..., not much has changed.<br /><br />I can picture what his pitc..."
64,NEGATIVE,br,BR,BR | Br | by | or | be,True,MORFOLOGIK_RULE_EN_GB,Possible spelling mistake found.,...Matheson's old short stories.<br /><...
65,POSITIVE,humor,humour,humour,False,MORFOLOGIK_RULE_EN_GB,Possible spelling mistake. ‘humor’ is American English.,"... its distinctive style, droll humor; ability to draw comedy from ..."
65,POSITIVE,wo,WO,WO | to | we | who | two,True,MORFOLOGIK_RULE_EN_GB,Possible spelling mistake found.,"...e, to leave average audiences wo..."
66,POSITIVE,famly,family,family | fatly,True,MORFOLOGIK_RULE_EN_GB,Possible spelling mistake found.,... it was released but since my famly never went to movie theaters ...
66,POSITIVE,movie theaters,cinemas,cinemas,False,MOVIE_THEATER_CINEMA,The term ‘movie theaters’ is common for American English. Did you mean “cinemas”?,... since my famly never went to movie theaters I saw it on Network TV. I rem...
66,POSITIVE,remeber,remember,remember,True,MORFOLOGIK_RULE_EN_GB,Possible spelling mistake found.,...ers I saw it on Network TV. I remeber watching it alone and crying ...
66,POSITIVE,thier,their,their | tier | thief | trier | Thiel,False,MORFOLOGIK_RULE_EN_GB,Possible spelling mistake found.,...nse (Rocky was the first) and thier haven't been many since. I ca...
67,POSITIVE,movie theater,cinema,cinema,False,MOVIE_THEATER_CINEMA,The term ‘movie theater’ is common for American English. Did you mean “cinema”?,...riginally saw this movie in a movie theater on Times Square in the late e...
67,POSITIVE,woud,would,would | word | wood | loud | wound,True,MORFOLOGIK_RULE_EN_GB,Possible spelling mistake found.,...are in the late eighties. Who woud have thought this film would ...
67,POSITIVE,Night, Night, Night,False,SENTENCE_WHITESPACE,Add a space between sentences.,... and have this cult following.Night of the Demons woz like most o...
67,POSITIVE,woz,won,won | oz | woo | woe | wow,False,MORFOLOGIK_RULE_EN_GB,Possible spelling mistake found.,...following.Night of the Demons woz like most other films that ca...
67,POSITIVE,A, A, A,True,SENTENCE_WHITESPACE,Add a space between sentences.,...lms that came out at the time.A group of horny teenagers find...
67,POSITIVE,Come, Come, Come,False,SENTENCE_WHITESPACE,Add a space between sentences.,...time in various gruesome ways.Come to think of it the formula st...
67,POSITIVE,br,BR,BR | Br | by | or | be,True,MORFOLOGIK_RULE_EN_GB,Possible spelling mistake found.,...y Saw II that I recently saw.<br /><b...
69,NEGATIVE,cheapie,kelpie,kelpie,False,MORFOLOGIK_RULE_EN_GB,Possible spelling mistake found.,"... Cavern"" is obviously a quick cheapie made to piggyback on the curr..."
69,NEGATIVE,spelun,spelunk,spelunk,False,MORFOLOGIK_RULE_EN_GB,Possible spelling mistake found.,...ts of darkness-claustrophobic spelun...
70,NEGATIVE,realy,real,real | ready | really | realm | relay,True,MORFOLOGIK_RULE_EN_GB,Possible spelling mistake found.,"...was an okay movie, but did it realy merit a sequel? I don't think..."
70,NEGATIVE,br,BR,BR | Br | by | or | be,True,MORFOLOGIK_RULE_EN_GB,Possible spelling mistake found.,...n't even good in this sequel.<br /><br />I can't realy put my ...
70,NEGATIVE,br,BR,BR | Br | by | or | be,True,MORFOLOGIK_RULE_EN_GB,Possible spelling mistake found.,...en good in this sequel.<br /><br />I can't realy put my finger...
70,NEGATIVE,realy,real,real | ready | really | realm | relay,True,MORFOLOGIK_RULE_EN_GB,Possible spelling mistake found.,...is sequel.<br /><br />I can't realy put my finger on why this mov...
70,NEGATIVE,clu,CLU,CLU | club | CPU | clue | CDU,False,MORFOLOGIK_RULE_EN_GB,Possible spelling mistake found.,"...mportantly, a rebel without a clu..."
71,NEGATIVE,one sided,one-sided,one-sided,False,EN_COMPOUNDS_ONE_SIDED,This word is normally spelled with a hyphen.,...I think the movie was one sided I watched it recently and fin...
71,NEGATIVE,movie makers,moviemakers,moviemakers,False,MAKER_COMPOUNDS,This noun is normally spelled as one word.,...ocumentary typical of western movie makers that was biased without subst...
71,NEGATIVE,thier,their,their | tier | thief | trier | Thiel,False,MORFOLOGIK_RULE_EN_GB,Possible spelling mistake found.,"...ecause of this fish business, thier prostitutes were there way be..."
71,NEGATIVE,becoz,become,become | below | Benz | bacon | beacon,False,MORFOLOGIK_RULE_EN_GB,Possible spelling mistake found.,"...lone Tanzania and this is not becoz of fish fillet business, in f..."
72,NEGATIVE,Skenbart,Stewart,Stewart | Schubert | Schoenberg | Skincare | Herbart,False,MORFOLOGIK_RULE_EN_GB,Possible spelling mistake found.,"...Set in 1945, Skenbart follows a failed Swedish book..."
72,NEGATIVE,br,BR,BR | Br | by | or | be,True,MORFOLOGIK_RULE_EN_GB,Possible spelling mistake found.,"...fugees, and even more people.<br /><br />Meant as a mix of noi..."
72,NEGATIVE,br,BR,BR | Br | by | or | be,True,MORFOLOGIK_RULE_EN_GB,Possible spelling mistake found.,"..., and even more people.<br /><br />Meant as a mix of noir-ish ..."
72,NEGATIVE,noir-ish,nourish,nourish,False,MORFOLOGIK_RULE_EN_GB,Possible spelling mistake found.,...<br /><br />Meant as a mix of noir-ish thriller (which it...
73,POSITIVE," ,",",",",",True,COMMA_PARENTHESIS_WHITESPACE,"Put a space after the comma, but not before the comma.","...m female writers and directors , and I think lots of other wom..."
74,NEGATIVE,Issac,Isaac,Isaac | Isiac | Is sac,False,MORFOLOGIK_RULE_EN_GB,Possible spelling mistake found.,"...ust couldn't stop laughing at Issac's voice, it was just like a h..."
74,NEGATIVE,high pitched,high-pitched,high-pitched,False,EN_COMPOUNDS_HIGH_PITCHED,This word is normally spelled with a hyphen.,"...c's voice, it was just like a high pitched whiny girl's British voice. N..."
74,NEGATIVE,Malicai,Malic ai,Malic ai,False,MORFOLOGIK_RULE_EN_GB,Possible spelling mistake found.,...British voice. Not to mention Malicai's over dramatic stick up his ...
74,NEGATIVE,over dramatic,overdramatic,overdramatic,False,OVER_COMPOUNDS,This is normally spelled as one word.,...ice. Not to mention Malicai's over dramatic stick up his butt character.<...
74,NEGATIVE,br,BR,BR | Br | by | or | be,True,MORFOLOGIK_RULE_EN_GB,Possible spelling mistake found.,... stick up his butt character.<br /><br />Children of the Corn ...
74,NEGATIVE,br,BR,BR | Br | by | or | be,True,MORFOLOGIK_RULE_EN_GB,Possible spelling mistake found.,... up his butt character.<br /><br />Children of the Corn is abo...
74,NEGATIVE,abowt,about,about | bought | Abbott | abort,True,MORFOLOGIK_RULE_EN_GB,Possible spelling mistake found.,...<br />Children of the Corn is abowt a town where all the ch...
75,POSITIVE,Trond,Trend,Trend | Frond | Trod,False,MORFOLOGIK_RULE_EN_GB,Possible spelling mistake found.,"...Where the heck is Andreas(Trond Fausa Aurvaag), exactly? Heav..."
75,POSITIVE,Fausa,Fauna,Fauna | Faust | Hausa | FAFSA,False,MORFOLOGIK_RULE_EN_GB,Possible spelling mistake found.,"...ere the heck is Andreas(Trond Fausa Aurvaag), exactly? Heaven? He..."
75,POSITIVE,Aurvaag,Aura,Aura | Curving | Airbag | Aural | Aurora,False,MORFOLOGIK_RULE_EN_GB,Possible spelling mistake found.,"...e heck is Andreas(Trond Fausa Aurvaag), exactly? Heaven? Hell? A pa..."
75,POSITIVE,woz,won,won | oz | woo | woe | wow,False,MORFOLOGIK_RULE_EN_GB,Possible spelling mistake found.,...he suicides go. Dressed as he woz at the time of his sudden dep...
76,NEGATIVE, so,", so",", so",False,COMMA_COMPOUND_SENTENCE,Use a comma before ‘so’ if it connects two independent clauses (unless they are closely connected and short).,... today and I had nothing to do so I had it on. This has to be t...
76,NEGATIVE,one liners,one-liners,one-liners,False,EN_COMPOUNDS_ONE_LINERS,This word is normally spelled with a hyphen.,... if he tried. Rob Schneider's one liners completely stunk. Fred Thomps...
76,NEGATIVE,shoud,should,should | shout | shroud | shoed | SOUD,True,MORFOLOGIK_RULE_EN_GB,Possible spelling mistake found.,...mpletely stunk. Fred Thompson shoud be embarrassed that he was ev...
77,NEGATIVE, but,", but",", but",False,COMMA_COMPOUND_SENTENCE_2,Use a comma before ‘but’ if it connects two independent clauses (unless they are closely connected and short).,...e Sasquatch and Bigfoot movies but this one is just a sheer wast...
77,NEGATIVE,Terrible, Terrible, Terrible,True,SENTENCE_WHITESPACE,Add a space between sentences.,"...t a sheer waste of one's time.Terrible, terrible, terrible!I watched..."
77,NEGATIVE,I, I, I,True,SENTENCE_WHITESPACE,Add a space between sentences.,"....Terrible, terrible, terrible!I watched this movie last night..."
77,NEGATIVE,coud,could,could,True,WOLD_WOULD,Did you mean “could”?,"... last night, and it was all I coud do to finish watching.I under..."
77,NEGATIVE,I, I, I,True,SENTENCE_WHITESPACE,Add a space between sentences.,... I coud do to finish watching.I understood that this weird cr...
77,NEGATIVE,",but",", but",", but",False,COMMA_PARENTHESIS_WHITESPACE,Put a space after the comma.,"... man wanted to capture Bigfoot,but that was the only thing that ..."
77,NEGATIVE,It, It, It,True,SENTENCE_WHITESPACE,Add a space between sentences.,...that made sense in this movie.It did have some amusing parts t...
77,NEGATIVE,There, There, There,False,SENTENCE_WHITESPACE,Add a space between sentences.,...ave some amusing parts though.There was this very cheesy and corn...
77,NEGATIVE,danc,dance,dance | Dan | Dana | DAC | Dane,False,MORFOLOGIK_RULE_EN_GB,Possible spelling mistake found.,...isco club with very bad disco danc...
78,NEGATIVE,realy,real,real | ready | really | realm | relay,True,MORFOLOGIK_RULE_EN_GB,Possible spelling mistake found.,...ed number of audience members realy had any interest in watching ...
78,NEGATIVE, but,", but",", but",False,COMMA_COMPOUND_SENTENCE,Use a comma before ‘but’ if it connects two independent clauses (unless they are closely connected and short).,...e hustler in New York operates but I'd be willing to bet that ev...
79,NEGATIVE, but,", but",", but",False,COMMA_COMPOUND_SENTENCE_2,Use a comma before ‘but’ if it connects two independent clauses (unless they are closely connected and short).,...a fan of so-bad-so-good movies but there's nothing so-bad-so-goo...
79,NEGATIVE,humor,humour,humour,False,MORFOLOGIK_RULE_EN_GB,Possible spelling mistake. ‘humor’ is American English.,"...ming cheese, no unintentional humor, nothing! - boring apocalypti..."
79,NEGATIVE,pepol,pe pol,pe pol,False,MORFOLOGIK_RULE_EN_GB,Possible spelling mistake found.,"... Zombie (The ""Undead"" : a few pepol with hardly any make up) nons..."
79,NEGATIVE,uther,Uther,Uther | other | Luther | ether | utter,False,MORFOLOGIK_RULE_EN_GB,Possible spelling mistake found.,...rve to rip off and quote from uther (better) movies (Resident Evi...
80,POSITIVE,Chan-wook,Handbook,Handbook | Chinook | Chapbook | Handwork | Chatswood,False,MORFOLOGIK_RULE_EN_GB,Possible spelling mistake found.,"...If you love Chan-wook Park, you know what to expect..."
80,POSITIVE,humor,humour,humour,False,MORFOLOGIK_RULE_EN_GB,Possible spelling mistake. ‘humor’ is American English.,"...c, with splashes of very grim humor. THIRST is clearly Park's sty..."
80,POSITIVE,arund,around,around | Arun,True,MORFOLOGIK_RULE_EN_GB,Possible spelling mistake found.,...enty of moral ambiguity to go arund. Even the most sociopathic ch...
80,POSITIVE,sym,sum,sum | Sam | gym | SRM | SSM,False,MORFOLOGIK_RULE_EN_GB,Possible spelling mistake found.,... sociopathic character evokes sym...
81,POSITIVE,Monetero,Montero,Montero,False,MORFOLOGIK_RULE_EN_GB,Possible spelling mistake found.,...suddenly robbed by the bandit Monetero. However Bahunda nicks off wi...
81,POSITIVE,However,"However,","However,",False,SENT_START_CONJUNCTIVE_LINKING_ADVERB_COMMA,A comma may be missing after the conjunctive/linking adverb ‘However’.,...obbed by the bandit Monetero. However Bahunda nicks off with the go...
81,POSITIVE,Bahunda,Bah unda,Bah unda,False,MORFOLOGIK_RULE_EN_GB,Possible spelling mistake found.,... the bandit Monetero. However Bahunda nicks off with the gold and h...
81,POSITIVE,Monetero,Montero,Montero,False,MORFOLOGIK_RULE_EN_GB,Possible spelling mistake found.,"...e gold and hides it, but when Monetero tries to get it out of him, h..."
81,POSITIVE,Monetero,Montero,Montero,False,MORFOLOGIK_RULE_EN_GB,Possible spelling mistake found.,"...e is that of a medallion, but Monetero is captured and soon would be..."
81,POSITIVE,Monetero,Montero,Montero,False,MORFOLOGIK_RULE_EN_GB,Possible spelling mistake found.,...s by (who after the bounty of Monetero) and offers to sa...
81,POSITIVE,sa,SA,SA | Sa | a | as | so,True,MORFOLOGIK_RULE_EN_GB,Possible spelling mistake found.,...ty of Monetero) and offers to sa...
82,POSITIVE,favorite,favourite,favourite,False,MORFOLOGIK_RULE_EN_GB,Possible spelling mistake. ‘favorite’ is American English.,"...This show is my absolute favorite. This show is intelligent, en..."
82,POSITIVE,allways,always,always | hallways | allays | all ways,True,MORFOLOGIK_RULE_EN_GB,Possible spelling mistake found.,"...intelligent, entertaining and allways full of surprises. Lauren Gra..."
82,POSITIVE,muther,mother,mother | Luther | Mather | musher | mutter,True,MORFOLOGIK_RULE_EN_GB,Possible spelling mistake found.,"... as Lorelai Gilmore, a single muther who is Rory's best friend. Al..."
82,POSITIVE,Bledel,Level,Level | Blade | Blades | Blended | Bladed,False,MORFOLOGIK_RULE_EN_GB,Possible spelling mistake found.,...is Rory's best friend. Alexis Bledel shines as the beautiful and i...
82,POSITIVE,Keiko,Seiko,Seiko | Reiko | Keijo,False,MORFOLOGIK_RULE_EN_GB,Possible spelling mistake found.,... intelligent Rory Gilmore and Keiko Agena is one of a kind as Ror...
82,POSITIVE,Agena,Agent,Agent | Arena | Agenda | Alena | ALENA,False,MORFOLOGIK_RULE_EN_GB,Possible spelling mistake found.,...ligent Rory Gilmore and Keiko Agena is one of a kind as Rory's be...
82,POSITIVE,dialog,dialogue,dialogue,False,MORFOLOGIK_RULE_EN_GB,Possible spelling mistake. ‘dialog’ is American English.,"...d, Lane Kim. I love the witty dialog, it's what makes it unique ab..."
82,POSITIVE,abowt,about,about | bought | Abbott | abort,True,MORFOLOGIK_RULE_EN_GB,Possible spelling mistake found.,"...og, it's what makes it unique abowt the show. Kelly Bishop is wic..."
82,POSITIVE,Herrman,Herman,Herman | Herrmann | Herr man,False,MORFOLOGIK_RULE_EN_GB,Possible spelling mistake found.,...t as Emily Gilmore and Edward Herrman is terrific as Richard Gilmor...
82,POSITIVE,Patt,Part,Part | Past | Path | Pact | Pitt,False,MORFOLOGIK_RULE_EN_GB,Possible spelling mistake found.,...fic as Richard Gilmore. Scott Patt...
83,POSITIVE,gonna,going to,going to,False,GONNA,The word ‘gonna’ is informal.,...d woman and a transsexual who gonna be a woman soon. Charlotte an...
83,POSITIVE,Venorica,Señorita,Señorita | Veronica | Menorca | Venora | Verónica,False,MORFOLOGIK_RULE_EN_GB,Possible spelling mistake found.,"...e a woman soon. Charlotte and Venorica, both trapped by their inanim..."
83,POSITIVE,an apartment,a flat,a flat,False,APARTMENT-FLAT,The word ‘apartment’ is common for American English. Did you mean “a flat”?,"...essive ex-husband, moved into an apartment alone with all the furniture ..."
84,POSITIVE,Pasquesi,Basques,Basques | Masques | Casques,False,MORFOLOGIK_RULE_EN_GB,Possible spelling mistake found.,"...n an early scene, Luca (David Pasquesi) and James (Jeff Garlin) are ..."
84,POSITIVE,neighborhood,neighbourhood,neighbourhood,False,MORFOLOGIK_RULE_EN_GB,Possible spelling mistake. ‘neighborhood’ is American English.,"...ff Garlin) are walking down a neighborhood street in Chicago, admiring t..."
84,POSITIVE,thay,that,that | they | than | Thai | hay,False,MORFOLOGIK_RULE_EN_GB,Possible spelling mistake found.,"...h woman."" A few blocks later, thay pass an old Filipino woman, a..."
84,POSITIVE,wom,won,won | whom | worm | Dom | womb,False,MORFOLOGIK_RULE_EN_GB,Possible spelling mistake found.,"...an an angry, elderly Filipino wom..."
85,POSITIVE,Wether,Whether,Whether | Weather | Ether | Aether | Tether,True,MORFOLOGIK_RULE_EN_GB,Possible spelling mistake found.,"... the main character, Michael. Wether male or female, all of us hav..."
86,POSITIVE,intresting,interesting,interesting,True,MORFOLOGIK_RULE_EN_GB,Possible spelling mistake found.,...ly. The story itself was both intresting and truly funny (especially t...
86,POSITIVE,truly funny,hilarious,hilarious,False,EXTREME_ADJECTIVES,Consider using an extreme adjective for ‘funny’.,...tself was both intresting and truly funny (especially the contradicting...
86,POSITIVE,viking,Viking,Viking | hiking | Vikings | biking | liking,True,MORFOLOGIK_RULE_EN_GB,Possible spelling mistake found.,"...icting name endings - all the viking names end in ""af"", wile all t..."
86,POSITIVE,af,AF,AF | a | of | as | at,True,MORFOLOGIK_RULE_EN_GB,Possible spelling mistake found.,"... all the viking names end in ""af"", wile all the Gaulish names,..."
87,NEGATIVE,caddyshack,Caddy shack,Caddy shack,False,MORFOLOGIK_RULE_EN_GB,Possible spelling mistake found.,...caddyshack II does NO justice for the ca...
87,NEGATIVE,caddysack,caddy sack,caddy sack,False,MORFOLOGIK_RULE_EN_GB,Possible spelling mistake found.,"...ck II does NO justice for the caddysack. thin plot, thin actors(excep..."
87,NEGATIVE,thin,Thin,Thin,True,UPPERCASE_SENTENCE_START,This sentence does not start with an uppercase letter.,"...NO justice for the caddysack. thin plot, thin actors(exception o..."
87,NEGATIVE,(, (, (,False,SPACE_BEFORE_PARENTHESIS,It appears that a white space is missing.,"...dysack. thin plot, thin actors(exception of randy quaid). the..."
87,NEGATIVE,exception of,exception to,exception to,False,EXCEPTION_OF_TO,"The usual collocation for “exception” in this context is “to”, not “of”. Did you mean “exception to”?","...ysack. thin plot, thin actors(exception of randy quaid). the ONLY thing ..."
87,NEGATIVE,quaid,quad,quad | quid | quail | qua id,False,MORFOLOGIK_RULE_EN_GB,Possible spelling mistake found.,...hin actors(exception of randy quaid). the ONLY thing that is dece...
87,NEGATIVE,the,The,The,True,UPPERCASE_SENTENCE_START,This sentence does not start with an uppercase letter.,...rs(exception of randy quaid). the ONLY thing that is decent wit...
87,NEGATIVE,..,.,. | …,True,DOUBLE_PUNCTUATION,Two consecutive dots,...h this movie is the soundtrack..maybe. this movie should have ...
87,NEGATIVE,this,This,This,True,UPPERCASE_SENTENCE_START,This sentence does not start with an uppercase letter.,...vie is the soundtrack..maybe. this movie should have been destro...
87,NEGATIVE,woz,won,won | oz | woo | woe | wow,False,MORFOLOGIK_RULE_EN_GB,Possible spelling mistake found.,...een destroyed when the script woz written....
88,POSITIVE,Duckman,Dutchman,Dutchman | Duck man,False,MORFOLOGIK_RULE_EN_GB,Possible spelling mistake found.,"...est cartoon made in the USA, ""Duckman"" runs short at 70 episodes in..."
88,POSITIVE,br,BR,BR | Br | by | or | be,True,MORFOLOGIK_RULE_EN_GB,Possible spelling mistake found.,... 70 episodes in four seasons.<br /><br />Unlike the often inno...
88,POSITIVE,br,BR,BR | Br | by | or | be,True,MORFOLOGIK_RULE_EN_GB,Possible spelling mistake found.,...isodes in four seasons.<br /><br />Unlike the often innocuous ...
88,POSITIVE,then,than,than,True,LESS_MORE_THEN,Did you mean “than”?,"...hness, carries much more bite then it does in any uther animated..."
88,POSITIVE,uther,Uther,Uther | other | Luther | ether | utter,False,MORFOLOGIK_RULE_EN_GB,Possible spelling mistake found.,...more bite then it does in any uther animated series.<br /><br />T...
88,POSITIVE,br,BR,BR | Br | by | or | be,True,MORFOLOGIK_RULE_EN_GB,Possible spelling mistake found.,...in any uther animated series.<br /><br />The cultural referenc...
88,POSITIVE,br,BR,BR | Br | by | or | be,True,MORFOLOGIK_RULE_EN_GB,Possible spelling mistake found.,... uther animated series.<br /><br />The cultural references in ...
88,POSITIVE,Duckman,Dutchman,Dutchman | Duck man,False,MORFOLOGIK_RULE_EN_GB,Possible spelling mistake found.,".../>The cultural references in ""Duckman"" also tend ..."
89,POSITIVE,Arund,Around,Around | Arun,True,MORFOLOGIK_RULE_EN_GB,Possible spelling mistake found.,... Miss Miller. Wile playing an Arund the World in 80 Days video ga...
89,POSITIVE,Chipettes,Pipettes,Pipettes | Chipotles,False,MORFOLOGIK_RULE_EN_GB,Possible spelling mistake found.,"...ter), round the Chipmunks and Chipettes into an adventure in which th..."
89,POSITIVE,thier,their,their | tier | thief | trier | Thiel,True,MORFOLOGIK_RULE_EN_GB,Possible spelling mistake found.,...the kids must hot-air-balloon thier way across the globe. What th...
90,POSITIVE,bad-ass,badass,badass,False,EN_COMPOUNDS_BAD_ASS,This word is normally spelled as one.,"...own! If you are looking for a bad-ass, funky film to watch some nig..."
90,POSITIVE,Hoffo,Hoff,Hoff | Hoffa | Hough,True,MORFOLOGIK_RULE_EN_GB,Possible spelling mistake found.,"...enge. Why, I don't know. Was 'Hoffo' in the first one his brother..."
91,NEGATIVE,canot,can't,can't | cannot | canon | canoe | Cabot,False,MORFOLOGIK_RULE_EN_GB,Possible spelling mistake found.,...and the acting. At least they canot say they didn't warn you... K...
91,NEGATIVE,labeled,labelled,labelled,False,MORFOLOGIK_RULE_EN_GB,"Possible spelling mistake. Did you mean “labelled”, the past tense form of the verb ‘label’?","...ou... Kind of like the button labeled, ""Don't push this"".<br /><br ..."
91,NEGATIVE,br,BR,BR | Br | by | or | be,True,MORFOLOGIK_RULE_EN_GB,Possible spelling mistake found.,"...n labeled, ""Don't push this"".<br /><br />Segal must have run o..."
91,NEGATIVE,br,BR,BR | Br | by | or | be,True,MORFOLOGIK_RULE_EN_GB,Possible spelling mistake found.,"...led, ""Don't push this"".<br /><br />Segal must have run out of ..."
91,NEGATIVE, but,", but",", but",True,COMMA_COMPOUND_SENTENCE_2,Use a comma before ‘but’ if it connects two independent clauses (unless they are closely connected and short).,"...like planes, trains, and ships but the plot remains the same. Un..."
91,NEGATIVE,Under cover,Undercover,Undercover,False,UNDER_COVER_COMPOUND,The adjective “undercover” is spelled as one word if you mean it in the context of “undercover agent”.,"...ut the plot remains the same. Under cover guy who fights slowly, but st..."
91,NEGATIVE,cano,can,can | canon | cane | canoe | cans,True,MORFOLOGIK_RULE_EN_GB,Possible spelling mistake found.,...a barn and the bad guys still cano...
92,NEGATIVE,thay,that,that | they | than | Thai | hay,True,MORFOLOGIK_RULE_EN_GB,Possible spelling mistake found.,...ou have a great old world and thay for some reason hav to have n...
92,NEGATIVE,hav,had,had | has | have | hat | hay,False,MORFOLOGIK_RULE_EN_GB,Possible spelling mistake found.,...orld and thay for some reason hav to have nearly all the action...
92,NEGATIVE,mone,one,one | more | move | done | gone,True,MORFOLOGIK_RULE_EN_GB,Possible spelling mistake found.,... this and that movie. To save mone...
93,POSITIVE,appartement,apartment,apartment,False,MORFOLOGIK_RULE_EN_GB,Possible spelling mistake found.,"...""L'appartement"" has to be among the best Fre..."
93,POSITIVE,hav,have,have,True,YOU_HAV,Did you mean “have”?,"...among the best French films I hav ever seen (along with ""Hatred..."
93,POSITIVE,Gerard Dépardieu,Gérard Depardieu,Gérard Depardieu,False,EN_MULTITOKEN_SPELLING_TWO,Possible spelling mistake found.,"...ncent Cassel, and those great Gerard Dépardieu/Pierre Richard movies). Casse..."
93,POSITIVE,Bellucci,Gallucci,Gallucci,False,MORFOLOGIK_RULE_EN_GB,Possible spelling mistake found.,...e Richard movies). Cassel and Bellucci are amazing in the leading ro...
93,POSITIVE,Dobermann,Doberman,Doberman | Dobermans,True,MORFOLOGIK_RULE_EN_GB,Possible spelling mistake found.,"...otherhood Of The Wolves"" and ""Dobermann"" I have not yet seen a bad mo..."
93,POSITIVE,appartement,apartment,apartment,False,MORFOLOGIK_RULE_EN_GB,Possible spelling mistake found.,"...ad movie with this couple. ""L'appartement"" sucks you in from the beginn..."
93,POSITIVE,wel,we,we | well | del | web | wet,True,MORFOLOGIK_RULE_EN_GB,Possible spelling mistake found.,...ing really hasn't worked this wel...
94,NEGATIVE,all of the,all the,all the,False,ALL_OF_THE,Consider removing “of” to be more concise,"...ng a movie to closure, taking all of the information we have learned t..."
94,NEGATIVE,through out,throughout,throughout,False,THROUGH_OUT,Did you mean “throughout”?,...e information we have learned through out the movie and bringing it to ...
94,NEGATIVE,hav,have,have,True,YOU_HAV,Did you mean “have”?,"...g, has been lost. Now what we hav is a movie that, no matter ho..."
94,NEGATIVE,th,the,the | TH | Th | to | TT,True,MORFOLOGIK_RULE_EN_GB,Possible spelling mistake found.,"...ils, or if the writing wasn't th..."
95,POSITIVE,woz,won,won | oz | woo | woe | wow,False,MORFOLOGIK_RULE_EN_GB,Possible spelling mistake found.,"...an advance screening, and wow woz this movie hilarious. Possibl..."
95,POSITIVE,(, (, (,False,SPACE_BEFORE_PARENTHESIS,It appears that a white space is missing.,...cessary amounts of male nudity(way more then in the first) th...
95,POSITIVE,then,than,than,True,COMP_THAN,"Comparison requires “than”, not ‘then’ nor ‘as’.","...ounts of male nudity(way more then in the first) then stay far, ..."
95,POSITIVE,so,So,So,True,UPPERCASE_SENTENCE_START,This sentence does not start with an uppercase letter.,... greatest invention ever. OK. so my review wasn't long enough....
95,POSITIVE,i,I,I,True,I_LOWERCASE,The personal pronoun “I” should be uppercase.,"...asn't long enough... All else i have to say is poor, poor Dun..."
95,POSITIVE,realy,real,real | ready | really | realm | relay,True,MORFOLOGIK_RULE_EN_GB,Possible spelling mistake found.,"... say is poor, poor Dunn, they realy kick the crap out of him in t..."
96,NEGATIVE,Gleick,Click,Click | Slick | Clique | Flick | Lick,False,MORFOLOGIK_RULE_EN_GB,Possible spelling mistake found.,"...m ""Chaos"" takes its name from Gleick's 1988 pop science explanatio..."
96,NEGATIVE,hav,had,had | has | have | hat | hay,False,MORFOLOGIK_RULE_EN_GB,Possible spelling mistake found.,...ed to the content of the book hav to do with the plot of the mo...
96,NEGATIVE,Nothink,Nothing,Nothing | No think,True,MORFOLOGIK_RULE_EN_GB,Possible spelling mistake found.,"...he plot of the movie ""Chaos""? Nothink. The film makers seem to have..."
96,NEGATIVE,film makers,filmmakers,filmmakers,False,MAKER_COMPOUNDS,This noun is normally spelled as one word.,"...e movie ""Chaos""? Nothink. The film makers seem to have skimmed the book..."
96,NEGATIVE,abowt,about,about | bought | Abbott | abort,True,MORFOLOGIK_RULE_EN_GB,Possible spelling mistake found.,"...without understanding a thing abowt it) looking for a ""theme"" to ..."
96,NEGATIVE,united,unite,unite,True,TO_NON_BASE,"The verb after “to” should be in the base form as part of the to-infinitive. A verb can take many forms, but the base form is always used in the to-infinitive.","... it) looking for a ""theme"" to united the series of mundane action ..."
96,NEGATIVE,Choas,Chaos,Chaos | Chops | Chas | Chows | Whoas,True,MORFOLOGIK_RULE_EN_GB,Possible spelling mistake found.,".... In this respect, the movie ""Choas"" r..."
97,NEGATIVE,br,BR,BR | Br | by | or | be,True,MORFOLOGIK_RULE_EN_GB,Possible spelling mistake found.,...vie. That sounds about right.<br /><br />This movie is one of ...
97,NEGATIVE,br,BR,BR | Br | by | or | be,True,MORFOLOGIK_RULE_EN_GB,Possible spelling mistake found.,...hat sounds about right.<br /><br />This movie is one of the wo...
97,NEGATIVE, and,", and",", and",False,COMMA_COMPOUND_SENTENCE,Use a comma before ‘and’ if it connects two independent clauses (unless they are closely connected and short).,...the worst films I've ever seen and I've seen Gigli. It's not as ...
97,NEGATIVE,br,BR,BR | Br | by | or | be,True,MORFOLOGIK_RULE_EN_GB,Possible spelling mistake found.,...asn't as bad as Adolf Hitler.<br /><br />Tom Warshaw has been ...
97,NEGATIVE,br,BR,BR | Br | by | or | be,True,MORFOLOGIK_RULE_EN_GB,Possible spelling mistake found.,...as bad as Adolf Hitler.<br /><br />Tom Warshaw has been living...
97,NEGATIVE,Warshaw,Warsaw,Warsaw | Wars haw,False,MORFOLOGIK_RULE_EN_GB,Possible spelling mistake found.,... Adolf Hitler.<br /><br />Tom Warshaw has been living in France wit...
97,NEGATIVE,13-year old,13-year-old,13-year-old,False,YEAR_OLD_HYPHEN,"In this expression, ‘13-year-old’ is used as a modifier. It is therefore usually hyphenated.",...ance with his French wife and 13-year old son. He has been pretending t...
98,NEGATIVE,thier,their,their | tier | thief | trier | Thiel,False,MORFOLOGIK_RULE_EN_GB,Possible spelling mistake found.,...e I saw this movie I believed thier were two kinds of bad cinema....
98,NEGATIVE,Manos,Manor,Manor | Manors | Manon | Minos | Manes,False,MORFOLOGIK_RULE_EN_GB,Possible spelling mistake found.,"...d, or so-bad-it's good (a la ""Manos The Hands of Fate""). Now that..."
98,NEGATIVE,br,BR,BR | Br | by | or | be,True,MORFOLOGIK_RULE_EN_GB,Possible spelling mistake found.,...endingly execrable. Anathema.<br /><br />I have hated certain ...
98,NEGATIVE,br,BR,BR | Br | by | or | be,True,MORFOLOGIK_RULE_EN_GB,Possible spelling mistake found.,...ly execrable. Anathema.<br /><br />I have hated certain films ...
99,POSITIVE,dident,didn't,didn't,True,DIDENT,Did you mean “didn't”?,... who was going to be killed I dident figure out who did it. I wasn...
99,POSITIVE,woz,won,won | oz | woo | woe | wow,False,MORFOLOGIK_RULE_EN_GB,Possible spelling mistake found.,... but given the year the movie woz supposed to take place it is ...
99,POSITIVE,hav,had,had | has | have | hat | hay,False,MORFOLOGIK_RULE_EN_GB,Possible spelling mistake found.,"...ies are good, they just don't hav the same dynamic to them as t..."
99,POSITIVE,becoz,become,become | below | Benz | bacon | beacon,False,MORFOLOGIK_RULE_EN_GB,Possible spelling mistake found.,...ic to them as the series does becoz ...
